county,name,cbsa,blkgrps,population,households,land_acres,ht_ami,ht_80ami,ht_nmi,h_ami,h_80ami,h_nmi,t_ami,t_80ami,t_nmi,co2_per_hh_local,co2_per_acre_local,autos_per_hh_ami,autos_per_hh_80ami,autos_per_hh_nmi,vmt_per_hh_ami,vmt_per_hh_80ami,vmt_per_hh_nmi,pct_transit_commuters_ami,pct_transit_commuters_80ami,pct_transit_commuters_nmi,t_cost_ami,t_cost_80ami,t_cost_nmi,auto_ownership_cost_ami,auto_ownership_cost_80ami,auto_ownership_cost_nmi,vmt_cost_ami,vmt_cost_80ami,vmt_cost_nmi,transit_cost_ami,transit_cost_80ami,transit_cost_nmi,transit_trips_ami,transit_trips_80ami,transit_trips_nmi,compact_ndx,emp_ovrll_ndx,res_density,gross_hh_density,hh_gravity,frac_sfd,emp_gravity,emp_ndx,block_size,intersection_density,avg_block_perimeter_meters,h_cost,median_smoc,median_gross_rent,pct_owner_occupied_hu,pct_renter_occupied_hu,registed_car,2020_car,2021_car,2022_car,2023_car,2024_car,2025_car
"""13001""","""Appling""","""""",14.0,18440.0,6656.0,325294.77,61,75,42,25,31,16,36,44,26,9.92,0.54,1.98,2,2,23760,22830,24921,0,0,0,14710,14094,16330,11238,10758,12690,3466,3330,3634,6,6,6,7,7,7,1.8,0.7,0.16,0.02,1521,58,1658,87,162,6,3764,832,944,402,82,18,13178.88,13462.047827027027,13751.29993574288,14046.76705598384,14348.582726511064,14656.883355364476,14971.808281513526
"""13003""","""Atkinson""","""Douglas, GA""",6.0,8239.0,2880.0,219339.49,63,76,43,24,30,15,39,46,27,11.26,0.17,2.07,2,2,26779,25764,27876,0,0,0,15643,15015,17248,11731,11251,13177,3906,3758,4065,5,5,5,7,6,7,1.6,0.3,0.41,0.01,1395,52,1317,88,355,5,4180,807,933,469,78,22,5961.599999999999,6089.693837837837,6220.539962191381,6354.197510027655,6490.7268889593315,6630.18980454643,6772.649288184659
"""13005""","""Bacon""","""""",9.0,11201.0,3874.0,181814.08,65,79,42,27,33,16,38,46,26,9.7,0.58,1.94,2,2,23048,22029,24514,0,0,0,14359,13721,16171,10991,10502,12591,3362,3214,3575,6,5,6,7,7,7,2.2,0.6,0.14,0.02,1460,56,1450,87,157,7,3753,837,937,556,78,22,7515.5599999999995,7677.042978378378,7841.9956585894815,8010.492592334851,8182.609933170154,8358.425470923405,8538.018666852706
"""13007""","""Baker""","""""",4.0,3132.0,1425.0,218852.34,68,82,40,26,33,14,41,49,26,9.33,0.07,1.81,2,2,22489,21657,26098,0,0,0,13564,12924,16511,10279,9760,12700,3281,3159,3806,5,4,5,6,6,7,1.3,0.3,0.17,0.01,1251,60,1046,88,305,5,4726,723,828,516,74,26,2579.25,2634.6690202702703,2691.2788005706725,2749.104926150502,2808.173531996168,2868.511314643113,2930.1455442415263
"""13009""","""Baldwin""","""Milledgeville, GA""",31.0,45111.0,16191.0,165072.0,60,73,42,28,35,19,32,38,24,8.35,3.09,1.79,2,2,20215,19486,21781,0,0,0,13143,12624,14785,10186,9773,11601,2949,2843,3176,8,8,8,10,10,10,1.7,2.2,0.49,0.1,3464,59,3849,85,113,15,4106,969,1031,671,67,33,28981.89,29604.60898783784,30240.708018792735,30890.47458298031,31554.202347668674,32232.191290003717,32924.74783258623
"""13011""","""Banks""","""""",7.0,18708.0,6740.0,148526.11,62,75,48,28,35,22,34,39,27,10.61,0.5,2.1,2,2,25465,24626,25793,0,0,0,16259,15028,16714,12537,11428,12945,3714,3593,3761,8,8,8,10,10,10,1.5,0.9,0.16,0.05,3295,68,3337,86,171,8,3197,1126,1238,768,79,21,14154.0,14458.119729729731,14768.773923922574,15086.10298526091,15410.250333187463,15741.36246872487,16079.589040688015
"""13013""","""Barrow""","""Atlanta-Sandy Springs-Alpharetta, GA""",34.0,78991.0,26305.0,103067.51,45,55,48,20,25,22,24,30,26,10.48,3.58,2.19,2,2,24847,24294,24356,1,1,1,16725,16299,16432,13089,12744,12869,3624,3543,3552,12,12,11,15,15,14,1.5,2.4,0.53,0.26,6541,83,6584,84,85,20,2521,1150,1169,959,78,22,57607.95,58845.74243918919,60110.1306888961,61401.686199644,62720.99270042014,64068.64646249674,65445.25656892066
"""13015""","""Bartow""","""Atlanta-Sandy Springs-Alpharetta, GA""",49.0,104919.0,37627.0,294056.75,44,54,47,21,26,22,23,28,25,9.29,3.48,2.07,2,2,23229,22659,22723,1,1,1,15794,15347,15497,12396,12032,12173,3388,3304,3314,11,11,11,14,14,13,1.5,2.2,0.5,0.13,5935,72,6868,85,82,23,2761,1174,1263,879,69,31,77887.89,79561.42709594595,81270.92262408858,83017.14920479535,84800.89605933083,86622.96936655158,88484.19262726534
"""13017""","""Ben Hill""","""Fitzgerald, GA""",15.0,17033.0,6443.0,160077.72,68,82,38,28,35,14,40,47,24,7.62,1.86,1.75,2,2,19415,18250,22009,0,0,0,12798,12168,15069,9960,9500,11854,2832,2662,3210,6,6,5,7,7,7,2.0,0.5,0.57,0.04,2287,65,1855,87,88,9,3586,755,780,603,66,34,11275.25,11517.515506756758,11764.986448050586,12017.774670380322,12275.994423433089,12539.762411720369,12809.19784732355
"""13019""","""Berrien""","""""",15.0,19152.0,7367.0,290160.0,60,73,41,23,29,15,36,43,26,9.93,0.63,1.96,2,2,23990,23013,25647,0,0,0,14602,13976,16381,11097,10614,12636,3500,3357,3740,5,5,5,6,6,7,1.2,0.3,0.37,0.03,1702,61,1377,88,236,6,4385,789,841,624,70,30,14439.32,14749.570254054055,15066.48669599927,15390.212558791689,15720.894152960322,16058.680932733389,16403.725563585365
"""13021""","""Bibb""","""Macon-Bibb County, GA""",126.0,153200.0,58116.0,159905.57,56,69,42,27,34,19,29,34,22,7.63,6.53,1.74,2,2,19217,18805,19838,1,1,1,12704,12205,14011,9883,9443,11101,2803,2743,2893,18,19,17,22,23,21,2.5,3.5,1.73,0.36,7345,66,9335,83,51,38,2552,1014,1093,762,61,39,101121.84,103294.59304864865,105514.03092631557,107781.15672594857,110096.99509343856,112462.5926907165,114879.01866880083
"""13023""","""Bleckley""","""""",8.0,12807.0,4176.0,138158.0,55,66,43,23,28,17,33,38,26,10.15,0.9,2.04,2,2,24679,23881,25145,0,0,0,15837,14624,16361,12232,11134,12688,3599,3484,3667,6,6,6,8,8,8,1.4,0.7,0.47,0.03,1900,69,1601,87,199,7,3626,908,1016,478,80,20,8519.04,8702.084237837838,8889.06145321841,9080.056152010535,9275.154655817249,9474.44514098954,9678.017678478369
"""13025""","""Brantley""","""Brunswick, GA""",9.0,18756.0,6823.0,283664.0,54,65,45,23,28,18,31,36,26,10.41,0.37,2.05,2,2,24846,24223,25963,0,0,0,15885,14718,16598,12256,11178,12805,3623,3534,3786,6,6,7,8,8,9,2.3,0.6,0.2,0.02,1817,47,1283,87,239,7,4184,961,1040,567,83,17,13987.15,14287.68470945946,14594.67685389244,14908.265180888238,15228.591419234352,15555.800342971956,15890.039836827706
"""13027""","""Brooks""","""Valdosta, GA""",15.0,15590.0,6335.0,315637.42,64,78,45,28,36,19,36,43,26,9.68,0.85,1.98,2,2,24629,23767,25698,0,0,0,14855,14225,16454,11256,10752,12700,3593,3467,3748,6,6,6,8,7,8,0.9,0.7,0.28,0.02,1722,64,1474,87,294,4,5138,989,1123,703,79,21,12543.3,12812.811445945947,13088.113745933164,13369.331325068755,13656.591281918207,13950.023445948613,14249.760436206157
"""13029""","""Bryan""","""Savannah, GA""",14.0,37063.0,13048.0,280029.99,58,71,55,31,39,29,27,33,26,10.13,1.8,2.07,2,2,24430,23823,24562,0,0,0,15976,15516,16081,12405,12034,12492,3563,3474,3582,8,8,8,10,10,10,1.2,2.4,0.31,0.05,3199,75,2745,84,112,6,4220,1538,1580,1376,73,27,27009.359999999997,27589.696248648648,28182.501884261506,28788.04483015307,29406.598766368526,30038.443253375634,30683.863858414385
"""13031""","""Bulloch""","""Statesboro, GA""",42.0,76120.0,27375.0,432608.02,55,68,42,26,33,19,29,35,23,8.56,3.64,1.82,2,2,20852,20153,22071,0,0,0,13360,12869,14724,10310,9921,11498,3042,2940,3219,8,8,8,10,10,10,2.1,2.7,0.37,0.06,3296,56,4095,84,116,9,3399,990,976,810,60,40,49822.5,50893.01047297298,51986.52245475713,53103.53016696069,54244.53845027783,55410.062992655425,56600.63056236249
"""13033""","""Burke""","""Augusta-Richmond County, GA-SC""",16.0,22520.0,8193.0,529301.49,52,62,44,22,27,18,30,35,26,10.06,0.7,2.06,2,2,25342,24622,25486,0,0,0,16046,14881,16305,12344,11282,12582,3696,3592,3717,7,6,6,8,8,8,1.6,0.8,0.32,0.02,1908,55,2904,87,251,3,4379,961,1063,574,75,25,16877.58,17240.219894594597,17610.65164638386,17989.04267500211,18375.56399734337,18770.39030485386,19173.70004248518
"""13035""","""Butts""","""Atlanta-Sandy Springs-Alpharetta, GA""",14.0,24090.0,8279.0,117561.39,42,51,45,18,23,20,24,29,25,9.49,1.42,2.09,2,2,24265,23720,23721,0,0,0,16079,15597,15757,12531,12129,12289,3539,3459,3459,9,9,9,11,11,11,1.2,2.1,0.28,0.07,3721,75,3868,85,136,15,3261,1027,1072,711,73,27,17303.11,17674.89303918919,18054.664389625825,18442.595692051567,18838.86227516457,19243.643234860676,19657.121515177278
"""13037""","""Calhoun""","""""",6.0,6365.0,1736.0,179445.55,70,84,42,28,35,15,41,49,26,9.95,0.15,1.89,2,2,23658,22598,25979,0,0,0,14175,13454,16595,10719,10153,12801,3451,3297,3789,5,5,5,6,6,6,1.1,0.2,0.48,0.01,1149,60,1048,88,276,4,4017,799,980,490,74,26,3281.04,3351.5380216216217,3423.550798032141,3497.1108759898584,3572.25150156856,3649.006635183344,3727.4109669393106
"""13039""","""Camden""","""St. Marys, GA""",24.0,53231.0,19338.0,403402.0,52,63,47,25,32,23,27,31,25,9.43,4.13,1.99,2,2,22752,22061,22907,0,0,0,15258,14184,15408,11932,10958,12060,3318,3218,3341,8,8,7,9,9,9,1.8,2.1,0.51,0.05,3326,67,2722,85,72,9,4204,1200,1244,975,67,33,38482.62,39309.4762945946,40154.09882578927,41016.86932758663,41898.177736111815,42798.42236584719,43718.01008965391
"""13043""","""Candler""","""""",8.0,10812.0,4013.0,155557.75,72,88,42,32,40,17,40,47,25,8.11,0.43,1.8,2,2,21933,20838,24086,0,0,0,13437,12818,15520,10232,9773,12002,3200,3040,3513,5,5,6,7,7,7,2.2,1.0,0.23,0.03,1641,53,1509,86,153,8,3214,905,1194,508,64,36,7223.400000000001,7378.605486486487,7537.145793560995,7699.092574801022,7864.519023367693,8033.499905086,8206.11159223582
"""13045""","""Carroll""","""Atlanta-Sandy Springs-Alpharetta, GA""",53.0,117183.0,41903.0,319377.25,42,52,45,19,23,20,23,28,25,9.55,2.89,2.09,2,2,23873,23315,23358,0,0,0,15968,15519,15669,12476,12109,12253,3482,3400,3406,10,10,10,13,13,12,1.5,2.4,0.66,0.13,4879,74,5712,84,98,15,3023,1069,1127,835,70,30,87577.26999999999,89458.99782837837,91381.15737631246,93344.61737939809,95350.26523930678,97399.00742485406,99491.7698816854
"""13047""","""Catoosa""","""Chattanooga, TN-GA""",34.0,66700.0,24778.0,103783.81,52,62,45,24,30,20,28,33,25,9.26,5.14,1.96,2,2,21558,21016,22287,1,1,1,14906,13867,15403,11749,10788,12139,3144,3066,3250,13,13,14,17,17,17,1.7,3.2,0.75,0.24,7706,73,7195,83,69,27,2717,1057,1174,625,77,23,48564.88,49608.36863783784,50674.27818019139,51763.09037352252,52875.297315332,54011.40167656684,55171.91692880659
"""13049""","""Charlton""","""""",6.0,13040.0,3675.0,499254.81,62,75,43,26,33,18,36,42,25,10.15,0.54,1.99,2,2,24712,23570,24456,0,0,0,14915,14233,15980,11303,10787,12408,3605,3438,3567,7,7,6,8,8,7,1.7,0.4,0.37,0.01,1693,49,1576,87,210,4,3526,924,1063,580,76,24,7313.25,7470.386047297297,7630.898396151389,7794.859591420047,7962.343736695155,8133.426527794416,8308.185286972703
"""13051""","""Chatham""","""Savannah, GA""",204.0,288496.0,108568.0,277194.25,50,62,48,27,34,26,23,28,22,7.76,11.47,1.84,2,2,19316,19041,19376,1,2,1,13850,13385,13956,11020,10594,11118,2817,2777,2826,13,13,13,18,19,18,2.9,4.2,1.65,0.39,9585,63,14724,82,38,31,3101,1345,1405,1069,60,40,199765.12,204057.37055135137,208441.84648617095,212920.52940391435,217495.44348164715,222168.65638888793,226942.28022210867
"""13053""","""Chattahoochee""","""Columbus, GA-AL""",10.0,10560.0,2570.0,159192.32,57,69,44,29,36,22,29,33,23,8.78,1.55,1.76,2,2,20744,19903,21741,0,0,0,13580,12538,14203,10549,9628,11026,3025,2904,3171,6,6,6,8,8,8,2.7,1.4,1.17,0.02,2678,36,2430,86,91,12,2564,1139,450,1017,42,58,4523.2,4620.387675675675,4719.66357303141,4821.072560614112,4924.660471038119,5030.4741216996135,5138.561335936133
"""13055""","""Chattooga""","""Summerville, GA""",22.0,24812.0,9260.0,200528.77,64,78,41,28,34,16,37,44,25,8.84,1.8,1.83,2,2,21306,20467,23204,0,0,0,13479,12883,15499,10364,9890,12108,3108,2986,3384,7,7,7,9,9,9,1.1,1.5,0.25,0.05,2880,66,2913,86,155,10,3895,846,953,570,72,28,16945.8,17309.905702702705,17681.83475766618,18061.755261243063,18449.83892158599,18846.261136252502,19251.201071477386
"""13057""","""Cherokee""","""Atlanta-Sandy Springs-Alpharetta, GA""",85.0,247515.0,88137.0,269494.83,51,63,55,28,35,30,24,29,25,9.81,7.88,2.13,2,2,23102,22639,22662,1,1,1,16127,15708,15835,12757,12405,12529,3369,3302,3305,1,1,0,1,1,1,1.2,3.4,0.81,0.33,12019,82,12421,83,76,20,3070,1581,1647,1136,78,22,187731.81,191765.50699864866,195885.87397334937,200094.77315737132,204394.1067968338,208785.81801044146,213271.89166769283
"""13059""","""Clarke""","""Athens-Clarke County, GA""",72.0,126176.0,48844.0,76302.3,52,62,40,26,33,20,26,30,20,6.28,8.09,1.62,2,2,16430,16003,17126,2,3,2,12158,11186,12839,9711,8796,10293,2396,2335,2498,51,55,48,64,69,60,3.7,4.6,1.52,0.64,10207,47,15223,81,39,40,2400,1034,1139,885,44,56,79127.28,80827.44723243243,82564.1450851293,84338.15847276924,86150.28917508957,88001.35619925703,89892.19615002486
"""13061""","""Clay""","""""",3.0,2951.0,1242.0,125058.33,101,122,43,48,60,17,53,63,26,8.67,0.31,1.64,2,2,20369,19292,24679,0,0,0,11777,11163,16260,8729,8276,12655,3043,2882,3599,5,5,6,6,6,8,1.2,0.5,0.23,0.01,1420,58,1087,87,242,5,4292,890,1050,371,84,16,2036.8799999999999,2080.6453945945946,2125.351153748722,2171.0174825927825,2217.665020394438,2265.314849886697,2313.988506796425
"""13063""","""Clayton""","""Atlanta-Sandy Springs-Alpharetta, GA""",126.0,283538.0,94279.0,90647.72,40,49,43,19,24,21,21,25,22,7.83,12.78,1.93,2,2,19180,18923,18855,2,2,2,14358,13921,14077,11517,11116,11284,2797,2760,2750,44,45,44,40,41,39,3.7,4.0,2.1,1.04,16784,65,20718,82,31,58,1671,1088,1044,1016,55,45,181958.47,185868.11820675677,189861.77101687493,193941.2333941294,198108.3490846249,202365.00145009186,206713.1143190871
"""13065""","""Clinch""","""""",7.0,6686.0,2477.0,521596.44,82,97,41,35,44,15,48,54,26,8.72,0.47,1.77,2,2,21142,20002,24382,0,0,0,13148,11912,16168,10058,8919,12607,3084,2988,3556,5,5,5,6,6,7,1.5,0.4,0.72,0.0,1223,58,1249,87,178,5,4185,803,955,339,79,21,4384.29,4478.492987837838,4574.720066900841,4673.014727797764,4773.421395597744,4875.98544990856,4980.753245386326
"""13067""","""Cobb""","""Atlanta-Sandy Springs-Alpharetta, GA""",350.0,751218.0,280374.0,217450.09,48,59,52,27,34,29,21,25,22,7.77,13.45,1.93,2,2,18763,18450,18419,2,2,2,14296,13891,14024,11533,11173,11312,2736,2691,2686,27,27,26,10,11,10,3.7,5.4,3.69,1.29,20876,66,32853,80,26,83,1505,1540,1571,1127,67,33,541121.82,552748.6266729729,564625.2525704058,576757.0654296889,589149.5483220295,601808.3021305704,614739.0480817544
"""13069""","""Coffee""","""Douglas, GA""",27.0,43021.0,14438.0,379041.49,63,77,43,28,35,18,35,42,25,8.94,1.47,1.92,2,2,22587,21581,23762,0,0,0,14187,13597,15697,10886,10442,12226,3295,3148,3465,6,6,6,7,7,7,2.1,0.9,0.3,0.04,2041,57,2646,87,133,9,3343,954,1152,609,68,32,27720.96,28316.586032432435,28925.009975561727,29546.506811523122,30181.357430851796,30829.848759433615,31492.27388818361
"""13071""","""Colquitt""","""Moultrie, GA""",30.0,45486.0,15505.0,350103.0,67,82,41,28,35,16,39,46,25,9.46,1.88,1.91,2,2,22666,21507,23989,0,0,0,14126,13501,15786,10813,10357,12282,3307,3137,3498,7,6,6,8,8,8,2.1,1.1,0.27,0.04,2341,56,2507,87,148,9,3503,858,915,662,69,31,29614.55,30250.862628378378,30900.847379447594,31564.798019087077,32243.01462517287,32935.80372320023,33643.47842482035
"""13073""","""Columbia""","""Augusta-Richmond County, GA-SC""",55.0,150705.0,47215.0,185655.17,63,77,54,33,41,28,31,36,26,11.02,8.62,2.13,2,2,24414,23801,24581,1,1,1,16307,15229,16504,12745,11755,12918,3560,3472,3585,1,1,1,1,1,1,1.1,3.1,0.56,0.25,7792,81,8036,83,102,16,5208,1457,1483,1030,83,17,100567.95,102728.80189864866,104936.08291241692,107190.79063985939,109493.94411441854,111846.58426498511,114249.7743863544
"""13075""","""Cook""","""""",15.0,17177.0,6217.0,146188.95,61,75,43,27,33,18,35,41,25,9.19,1.41,1.96,2,2,22821,21753,23954,0,0,0,14482,13874,15936,11147,10695,12438,3329,3173,3493,5,5,5,7,7,6,2.6,0.4,0.52,0.04,1867,59,1657,88,106,9,2862,925,994,754,72,28,12185.32,12447.139713513514,12714.585012763333,12987.776771821356,13266.8384619186,13551.896207249014,13843.078841972338
"""13077""","""Coweta""","""Atlanta-Sandy Springs-Alpharetta, GA""",57.0,143260.0,52035.0,282188.32,48,59,52,24,30,26,24,29,25,10.02,5.29,2.13,2,2,23954,23432,23474,1,1,1,16206,15781,15915,12712,12364,12492,3493,3417,3423,0,0,0,0,0,0,1.0,2.9,0.86,0.18,6713,84,7151,84,90,17,2818,1383,1462,1099,74,26,110834.54999999999,113215.9950608108,115648.60900873905,118133.49128338628,120671.76494744825,123264.57719429207,125913.0998664397
"""13079""","""Crawford""","""Macon-Bibb County, GA""",8.0,12325.0,4510.0,207944.29,60,74,45,26,32,18,35,42,27,11.16,0.33,2.03,2,2,26354,25642,27407,0,0,0,15376,14790,16903,11524,11042,12898,3845,3741,3997,7,7,8,9,9,10,1.2,0.8,0.2,0.02,2427,53,1941,87,453,5,5169,949,1055,569,82,18,9155.3,9352.01522972973,9552.957178584735,9758.216663908379,9967.886454389654,10182.06131199073,10400.838034775397
"""13081""","""Crisp""","""Cordele, GA""",20.0,22713.0,8585.0,174514.65,63,77,39,27,33,15,36,43,24,7.38,1.83,1.79,2,2,20244,19195,22236,0,0,0,13092,12484,15016,10133,9678,11768,2953,2800,3243,6,6,6,7,7,7,1.7,1.2,0.42,0.05,2329,60,2555,86,105,9,3669,801,871,571,62,38,15367.15,15697.33606081081,16034.616659955262,16379.144234135381,16731.074495382345,17090.56650143178,17457.782727611193
"""13083""","""Dade""","""Chattanooga, TN-GA""",8.0,16197.0,6195.0,111346.82,51,62,44,23,29,19,28,33,25,9.12,0.93,1.96,2,2,22494,21904,23341,0,0,0,15040,13939,15594,11752,10735,12182,3280,3195,3404,8,8,8,10,10,10,1.9,1.9,0.25,0.06,3019,68,2978,85,100,11,2685,1019,1127,678,75,25,12142.199999999999,12403.093216216215,12669.592110997079,12941.817130679314,13219.891309568235,13503.940325544094,13794.092556863217
"""13085""","""Dawson""","""Atlanta-Sandy Springs-Alpharetta, GA""",10.0,24536.0,9041.0,134929.77,49,60,53,24,30,26,25,30,27,10.66,1.31,2.21,2,2,25787,25273,25268,1,1,1,17012,16552,16695,13240,12855,13000,3761,3686,3685,11,11,11,14,13,13,0.8,2.2,0.25,0.07,4678,82,5258,85,134,12,3496,1376,1471,662,84,16,19980.61,20409.92310675676,20848.46064378032,21296.42081166695,21754.006069647363,22221.42322708979,22698.88353696915
"""13087""","""Decatur""","""Bainbridge, GA""",21.0,26682.0,10084.0,382189.34,60,73,42,26,32,17,34,41,25,9.17,2.34,1.9,2,2,22254,21307,23921,0,0,0,14055,13458,15760,10804,10344,12267,3246,3108,3488,5,5,5,7,7,7,1.2,0.7,0.21,0.03,2103,66,2289,87,165,7,4269,890,1025,676,64,36,19159.6,19571.272486486487,19991.790368290724,20421.343701879672,20860.12662736601,21308.33745625131,21766.178761054547
"""13089""","""DeKalb""","""Atlanta-Sandy Springs-Alpharetta, GA""",390.0,749323.0,282436.0,171383.22,46,56,49,26,33,29,19,23,21,6.47,15.3,1.8,2,2,16160,15975,15887,5,5,5,13223,12788,12947,10766,10354,10529,2357,2330,2317,101,104,101,92,95,92,4.2,6.9,3.28,1.65,27463,57,41331,78,26,78,1609,1493,1602,1134,59,41,508384.8,519308.2031351352,530466.3118241199,541864.1690646651,553506.9262107844,565399.8453009891,577548.3014365104
"""13091""","""Dodge""","""""",17.0,20829.0,7628.0,317411.66,59,72,40,24,30,15,36,43,25,8.69,0.97,1.88,2,2,22619,21812,24475,0,0,0,13979,13389,15891,10673,10201,12316,3300,3182,3569,6,6,6,7,7,8,1.6,1.1,0.21,0.02,1656,55,1504,86,205,6,3943,779,877,443,74,26,14340.64,14648.769967567569,14963.520565519359,15285.034047940653,15613.455725457217,15948.93403090961,16291.620586438616
"""13093""","""Dooly""","""""",9.0,13736.0,5020.0,251283.21,65,79,42,26,33,16,39,46,26,9.83,0.31,1.94,2,2,23472,22535,25660,0,0,0,14440,13790,16621,11011,10497,12874,3424,3287,3742,5,5,6,7,6,7,1.4,0.3,0.82,0.02,1733,68,1573,88,196,5,3498,818,910,521,75,25,9738.8,9948.052594594594,10161.801292235208,10380.142698379183,10603.175494195708,10831.000481165589,11063.720626639284
"""13095""","""Dougherty""","""Albany, GA""",69.0,89703.0,34087.0,210370.77,52,63,39,24,30,17,28,33,22,7.27,6.54,1.69,2,2,18772,18411,19349,1,1,1,12377,11838,13712,9620,9132,10873,2739,2686,2822,19,20,18,23,25,22,1.5,3.1,0.8,0.16,5929,62,7881,83,53,19,3333,895,958,714,55,45,57607.03,58844.802671621626,60109.17072902539,61400.7056136085,62719.99104503605,64067.62328505777,65444.211406993476
"""13097""","""Douglas""","""Atlanta-Sandy Springs-Alpharetta, GA""",55.0,143316.0,49187.0,128094.88,45,55,48,22,27,24,23,28,24,9.35,6.16,2.04,2,2,22214,21800,21803,1,1,1,15469,15053,15189,12228,11873,12008,3240,3179,3180,1,1,1,0,0,0,1.6,3.7,1.09,0.38,10426,77,11783,82,86,25,2960,1250,1263,1028,67,33,100341.48,102497.46585405405,104699.7762690263,106949.4065969689,109247.37357655243,111594.71579258918,113992.49414542996
"""13099""","""Early""","""""",13.0,10312.0,4074.0,328063.17,81,98,44,35,44,17,45,54,26,9.7,0.21,1.83,2,2,23470,22349,26443,0,0,0,13816,13150,16487,10388,9885,12625,3424,3260,3856,5,5,5,6,6,6,1.2,0.6,0.33,0.01,1217,71,1116,87,270,6,3985,905,1015,638,70,30,7455.42,7615.610781081082,7779.243499215122,7946.392109536096,8117.1321562139665,8291.540806597483,8469.696886090593
"""13101""","""Echols""","""Valdosta, GA""",3.0,3981.0,1561.0,269060.15,59,72,42,23,29,15,36,43,26,10.64,0.15,1.99,2,2,25913,24982,27073,0,0,0,15058,14460,16607,11272,10811,12653,3780,3644,3948,6,5,6,7,7,7,1.6,0.4,0.17,0.01,1467,39,1175,88,392,3,5595,798,859,673,73,27,3106.39,3173.1354067567568,3241.314937793828,3310.959407403182,3382.1002919676557,3454.7697441869614,3529.000607609357
"""13103""","""Effingham""","""Savannah, GA""",22.0,60477.0,21172.0,306443.48,54,66,51,25,32,24,28,34,27,11.24,1.83,2.16,2,2,25988,25346,26128,0,0,0,16690,16224,16797,12893,12520,12980,3790,3696,3810,7,7,7,9,9,9,1.4,1.3,0.36,0.07,3113,71,2545,86,158,9,3609,1263,1333,1021,77,23,45731.520000000004,46714.12968648649,47717.85220272317,48743.141189241134,49790.460033712676,50860.28208038299,51953.090844002036
"""13105""","""Elbert""","""""",20.0,19166.0,7559.0,224702.13,66,81,44,29,37,18,37,44,26,9.06,1.51,1.93,2,2,22922,22040,24759,0,0,0,14308,13712,16232,10958,10491,12615,3344,3215,3611,6,6,7,8,8,8,1.4,0.8,0.93,0.03,2396,66,2491,87,170,8,4236,944,1050,549,77,23,14588.869999999999,14902.333558108108,15222.532346721513,15549.611082279449,15883.717590668968,16225.002874036045,16573.621179032227
"""13107""","""Emanuel""","""""",18.0,22533.0,8387.0,435565.12,62,76,40,25,31,15,37,44,25,8.9,0.85,1.87,2,2,22382,21424,24168,0,0,0,13885,13257,15813,10614,10126,12283,3265,3125,3525,5,5,6,7,7,7,1.6,0.8,0.24,0.02,1665,62,1632,87,176,5,3701,782,827,599,69,31,15683.69,16020.677393243244,16364.905461557526,16716.529781609912,17075.709272863423,17442.606269401975,17817.386593298586
"""13109""","""Evans""","""""",10.0,10687.0,4020.0,117052.38,57,70,41,25,32,17,32,38,24,8.56,0.96,1.87,2,2,20793,19920,22269,0,0,0,13654,13076,15251,10616,10165,11998,3033,2906,3248,5,5,5,7,7,7,3.4,0.8,0.35,0.03,1633,58,1482,87,63,16,2408,899,1019,665,73,27,7517.400000000001,7678.922513513515,7843.9155783309,8012.453764405848,8184.613243938353,8360.471825801353,8540.108990707085
"""13111""","""Fannin""","""""",18.0,25395.0,10408.0,247558.95,59,71,47,27,34,21,32,37,26,9.6,0.92,2.0,2,2,23090,22484,24364,0,0,0,15343,14170,16274,11968,10883,12713,3367,3280,3553,7,7,8,9,9,10,0.7,1.4,0.14,0.04,2658,82,2433,86,130,15,3789,1096,1200,646,85,15,20816.0,21263.262702702705,21720.13550942294,22186.824907530812,22663.541821084516,23150.50170615917,23647.924648223943
"""13113""","""Fayette""","""Atlanta-Sandy Springs-Alpharetta, GA""",49.0,112303.0,40285.0,124401.74,54,67,58,31,38,33,23,28,25,9.74,5.66,2.11,2,2,22850,22444,22420,1,1,1,15967,15535,15668,12634,12261,12398,3332,3273,3270,0,0,0,0,0,0,1.3,3.9,0.7,0.32,8534,85,9718,82,72,23,2609,1738,1841,903,83,17,85001.34999999999,86827.7303581081,88693.3532130999,90599.06174835433,92545.71726429871,94534.19956768028,96565.40736920206
"""13115""","""Floyd""","""Rome, GA""",56.0,97369.0,35679.0,326285.96,55,66,43,26,32,20,30,34,24,8.56,3.68,1.87,2,2,21057,20511,21602,1,1,1,14294,13218,14852,11209,10211,11688,3071,2992,3150,14,15,14,18,18,17,1.3,2.8,0.52,0.11,4925,71,6252,84,87,11,3518,1031,1162,775,66,34,66719.73000000001,68153.30257702705,69617.67759185776,71113.51688065579,72641.49650011853,74202.30703302649,75796.65390035775
"""13117""","""Forsyth""","""Atlanta-Sandy Springs-Alpharetta, GA""",108.0,228383.0,76753.0,143712.69,57,71,62,33,41,36,24,30,26,10.59,8.24,2.2,2,2,24234,23797,23793,1,1,1,16698,16277,16400,13164,12806,12930,3534,3470,3470,0,0,0,0,0,0,1.4,3.2,0.74,0.53,11286,85,15293,83,98,30,3082,1881,1962,1143,85,15,168856.6,172484.73505405406,176190.8259829182,179976.54778444307,183843.61144629802,187793.7647192658,191828.79290715273
"""13119""","""Franklin""","""""",16.0,22766.0,8460.0,167399.12,59,72,42,26,32,17,33,40,25,9.13,0.87,1.91,2,2,22246,21391,23406,0,0,0,14104,13527,15606,10852,10399,12185,3245,3121,3413,7,7,7,9,9,9,2.3,1.3,0.16,0.05,2660,62,2796,86,103,10,3026,905,1054,532,72,28,16158.599999999999,16505.79154054054,16860.44300742513,17222.714688260345,17592.770314670266,17970.77713629629,18356.90599638698
"""13121""","""Fulton""","""Atlanta-Sandy Springs-Alpharetta, GA""",544.0,1036200.0,410576.0,337111.54,48,59,52,29,37,32,19,23,20,6.21,17.26,1.73,2,2,15701,15471,15415,5,5,5,12879,12463,12614,10323,9933,10099,2290,2256,2248,266,274,267,232,239,233,3.6,6.5,3.38,1.22,27612,48,63600,78,27,64,1831,1665,1867,1138,58,42,710296.48,725558.255718919,741147.9533755822,757072.6188602739,773339.4494547041,789955.7970848796,806929.1716438655
"""13123""","""Gilmer""","""""",16.0,30414.0,12021.0,272960.37,55,66,47,25,31,21,30,35,26,10.12,0.8,2.06,2,2,24308,23683,25086,0,0,0,15856,14701,16402,12303,11239,12736,3545,3455,3658,8,8,8,10,10,10,1.1,1.4,0.14,0.04,3058,72,2777,86,150,15,3211,1100,1222,852,80,20,24763.260000000002,25295.335451351355,25838.843334697962,26394.02929283539,26961.14424655983,27540.44450807375,28132.19189682831
"""13125""","""Glascock""","""""",3.0,2996.0,1108.0,91997.0,61,75,46,26,32,19,35,42,27,11.2,0.15,2.11,2,2,26566,25716,27530,0,0,0,15865,15293,17281,11984,11536,13261,3876,3751,4015,6,5,6,7,7,7,1.5,0.4,0.16,0.01,1548,62,1387,87,242,4,3836,974,1091,664,82,18,2337.8799999999997,2388.112827027027,2439.424981013148,2491.839652902485,2545.3805319310654,2600.071816333368,2655.9382242789097
"""13127""","""Glynn""","""Brunswick, GA""",54.0,84470.0,34119.0,268512.22,58,69,47,30,38,24,27,32,23,8.02,5.87,1.84,2,2,19933,19330,20844,0,0,0,13894,12870,14495,10981,10044,11449,2904,2817,3036,9,9,9,11,12,12,2.3,3.0,1.15,0.13,4397,64,5303,83,57,17,3823,1273,1353,914,69,31,62778.96,64127.85927567568,65505.741657409795,66913.22989031901,68350.96010012452,69819.58208065422,71319.75958752233
"""13129""","""Gordon""","""Calhoun, GA""",29.0,57202.0,20561.0,227774.16,58,71,44,26,32,19,32,39,25,9.49,2.57,2.01,2,2,23219,22319,23878,0,0,0,14776,14230,15943,11381,10966,12453,3387,3256,3482,8,8,8,10,10,9,1.3,1.2,0.32,0.09,4151,71,5756,86,118,12,3742,976,1054,698,68,32,41327.60999999999,42215.595133783776,43122.659948144814,44049.21439838198,44995.67724829316,45962.476259438925,46950.04838447282
"""13131""","""Grady""","""""",17.0,24828.0,9136.0,290880.42,60,73,44,26,33,18,34,41,26,9.28,1.38,2.01,2,2,23615,22588,24686,0,0,0,14832,14228,16244,11382,10928,12639,3445,3295,3600,5,5,5,7,6,6,1.8,0.3,0.23,0.03,2035,63,1882,88,127,9,3198,947,910,727,69,31,18363.359999999997,18757.924086486484,19160.965968885317,19572.6678052438,19993.21566754566,20422.79962580779,20861.613833983934
"""13133""","""Greene""","""""",19.0,17349.0,7132.0,248104.11,63,76,54,34,42,28,29,34,26,9.23,1.13,2.01,2,2,22751,22160,23970,0,0,0,15343,14180,16111,12019,10941,12608,3318,3233,3496,7,7,7,8,8,9,1.3,1.0,0.24,0.03,2132,73,2226,86,160,6,3915,1477,1604,910,80,20,14335.319999999998,14643.335659459459,14957.969493223522,15279.363702604946,15607.66354432308,15943.017396153806,16285.576823990086
"""13135""","""Gwinnett""","""Atlanta-Sandy Springs-Alpharetta, GA""",313.0,915046.0,293330.0,275558.28,49,60,53,26,33,29,22,27,24,9.0,13.33,2.05,2,2,20856,20483,20486,2,2,2,15314,14920,15044,12272,11932,12056,3042,2987,2988,0,0,0,0,0,0,2.8,4.3,2.08,1.06,18422,73,25379,82,42,52,1856,1507,1533,1206,68,32,601326.5,614246.8937162162,627444.9012974161,640926.4876901578,654697.7460067437,668764.9002790508,683134.3082715332
"""13137""","""Habersham""","""Cornelia, GA""",26.0,44626.0,15139.0,177165.02,58,70,47,26,32,21,32,37,26,10.22,1.58,2.11,2,2,24759,23967,24877,0,0,0,16240,15046,16513,12621,11542,12878,3611,3496,3628,8,8,8,10,10,10,1.2,1.2,0.28,0.09,3234,75,3642,86,116,19,3235,1093,1175,659,82,18,31943.289999999997,32629.639068918917,33330.73536783218,34046.89576289776,34778.443928614084,35525.710494107276,36289.03319256175
"""13139""","""Hall""","""Gainesville, GA""",90.0,198667.0,64352.0,251515.24,51,63,50,25,31,25,26,31,25,9.85,4.97,2.13,2,2,23917,23315,22943,1,1,1,16240,15775,15798,12748,12371,12449,3488,3400,3346,4,4,4,13,13,12,2.0,2.7,0.66,0.26,7157,73,11091,84,67,20,2801,1322,1406,951,73,27,137069.75999999998,140014.90754594593,143023.33596483857,146096.40494029928,149235.5033707733,152442.04999725343,155717.49404449173
"""13141""","""Hancock""","""Milledgeville, GA""",7.0,8515.0,2974.0,301977.59,58,71,42,25,31,16,34,40,25,7.61,0.2,1.89,2,2,22452,21774,24146,0,0,0,14017,13358,15982,10734,10175,12454,3275,3176,3521,7,7,7,8,8,9,1.3,0.7,0.3,0.01,1757,54,1563,87,252,5,4522,857,991,554,81,19,5620.86,5741.6325324324325,5865.000042250914,5991.018286401981,6119.744219853051,6251.236021333678,6385.553119629902
"""13143""","""Haralson""","""Atlanta-Sandy Springs-Alpharetta, GA""",17.0,29227.0,11259.0,180585.47,41,50,44,17,22,19,24,29,25,9.09,0.95,2.09,2,2,24143,23548,23588,0,0,0,16055,15580,15741,12526,12138,12293,3521,3434,3440,8,8,8,10,10,10,1.6,1.8,0.32,0.06,3368,73,3263,85,98,24,2621,995,1152,656,71,29,23531.309999999998,24036.915174324324,24553.384027394266,25080.949981496386,25619.851474342056,26170.3320668313,26732.640553132136
"""13145""","""Harris""","""Columbus, GA-AL""",16.0,34105.0,12156.0,296847.22,74,90,57,39,48,29,36,42,28,11.55,0.84,2.19,2,2,26959,26294,27790,0,0,0,17043,15850,17719,13103,12007,13658,3932,3836,4053,8,7,8,9,9,10,0.6,1.3,0.28,0.04,2996,88,2337,86,213,10,3410,1529,1635,533,89,11,26621.64,27193.645508108108,27777.94140483638,28374.79176745381,28984.46634732208,29607.24069181184,30243.39626883861
"""13147""","""Hart""","""""",19.0,25773.0,9853.0,148749.95,63,77,46,31,38,21,33,39,25,8.72,0.94,1.92,2,2,21473,20684,22818,0,0,0,14060,13476,15673,10920,10451,12338,3133,3017,3328,7,7,7,9,9,9,2.5,1.1,0.22,0.07,2785,67,2663,86,73,32,2391,1105,1246,566,79,21,18917.76,19324.236194594596,19739.446134451424,20163.577477070045,20596.821912050335,21039.375247728174,21491.437499672607
"""13149""","""Heard""","""Atlanta-Sandy Springs-Alpharetta, GA""",8.0,11736.0,4502.0,189421.95,40,50,44,16,20,17,24,30,26,10.68,0.3,2.14,2,2,26871,26315,26274,0,0,0,16710,16228,16387,12783,12382,12548,3919,3838,3832,8,8,8,10,10,9,1.3,1.3,0.09,0.02,2429,59,2248,86,299,6,4448,913,1083,476,75,25,9634.28,9841.286827027028,10052.741503445583,10268.739597911508,10489.378732515284,10714.758626903113,10944.981143346033
"""13151""","""Henry""","""Atlanta-Sandy Springs-Alpharetta, GA""",63.0,225356.0,75984.0,203961.52,48,59,51,24,30,26,24,29,25,10.02,5.48,2.12,2,2,23446,23024,23017,1,1,1,16078,15660,15790,12659,12302,12433,3419,3358,3357,0,0,0,0,0,0,1.6,3.2,1.12,0.37,9583,83,10142,83,77,24,2493,1380,1411,1236,72,28,161086.08000000002,164547.2538810811,168082.79622798544,171694.30495774891,175383.41232103028,179151.78563982,183001.12806099994
"""13153""","""Houston""","""Warner Robins, GA""",74.0,153507.0,57056.0,240667.35,48,58,45,23,29,22,25,29,24,8.66,8.73,1.97,2,2,21070,20418,21194,1,1,1,14866,13829,14967,11781,10838,11864,3073,2979,3091,12,12,12,15,15,15,2.5,2.7,0.7,0.24,8147,73,6959,84,30,25,2548,1127,1171,911,67,33,112400.31999999999,114815.40795675675,117282.38766826005,119802.37410599699,122376.50619827451,125005.94734496716,127691.88594332527
"""13155""","""Irwin""","""""",8.0,9320.0,3329.0,226791.79,66,80,42,28,35,17,38,46,26,6.81,1.66,1.95,2,2,23007,21938,24400,0,0,0,14422,13795,16140,11060,10590,12577,3356,3200,3558,5,5,5,7,7,6,1.8,0.6,0.35,0.01,1530,68,1383,87,126,5,3099,872,995,529,78,22,6491.55,6631.030601351352,6773.5081507587665,6919.047042106151,7067.71305287573,7219.5733738767085,7374.696639612709
"""13157""","""Jackson""","""Jefferson, GA""",29.0,67885.0,23166.0,217387.56,48,59,50,22,28,23,26,31,26,10.65,1.94,2.19,2,2,25515,24901,24702,1,1,0,16814,16339,16424,13082,12697,12812,3721,3631,3602,11,10,10,13,13,12,1.7,2.0,0.3,0.11,4548,76,5260,85,116,12,2914,1226,1341,748,80,20,50733.54,51823.62552162162,52937.13315107269,54074.56614715655,55236.438581940056,56423.27557309255,57635.613521217114
"""13159""","""Jasper""","""Atlanta-Sandy Springs-Alpharetta, GA""",7.0,13916.0,5171.0,235779.59,43,53,46,18,22,19,25,31,27,10.14,0.31,2.22,2,2,26890,26338,26307,0,0,0,17215,16718,16876,13286,12869,13031,3921,3841,3836,8,8,8,10,10,10,0.8,1.4,0.21,0.02,2926,78,2536,86,202,5,3864,1002,1129,635,82,18,11479.62,11726.276700000002,11978.233185851353,12235.603331331133,12498.50345696379,12767.052382593147,13041.371481084001
"""13161""","""Jeff Davis""","""""",11.0,15036.0,5279.0,211787.12,63,77,40,24,30,14,39,47,26,8.27,0.93,1.93,2,2,23216,22037,24653,0,0,0,14321,13646,16115,10929,10426,12514,3387,3215,3595,5,5,5,7,7,6,1.7,0.3,0.24,0.02,1657,60,1729,88,170,7,3943,737,863,451,72,28,10188.47,10407.384422972973,10631.002547736853,10859.425440316603,11092.756338290976,11331.100697451553,11574.566239464364
"""13163""","""Jefferson""","""""",17.0,15618.0,5664.0,336992.06,67,82,40,27,33,14,41,49,25,7.5,0.86,1.86,2,2,22203,21057,24349,0,0,0,13811,13172,15914,10567,10095,12358,3239,3072,3551,5,5,5,6,6,6,1.8,0.5,0.29,0.02,1599,59,1568,87,182,5,3864,753,866,526,71,29,10535.04,10761.400994594596,10992.625691640616,11228.818595015056,11470.086454016056,11716.538311609105,11968.285553709897
"""13165""","""Jenkins""","""""",8.0,8793.0,3443.0,222287.6,81,95,40,32,39,14,49,56,26,9.47,0.29,1.79,2,2,22775,21692,25786,0,0,0,13477,12267,16432,10149,9021,12666,3323,3241,3761,5,5,6,7,6,8,1.4,0.7,0.27,0.02,1493,62,1222,87,267,5,4316,720,777,416,80,20,6162.97,6295.390571621622,6430.656396065925,6568.828607819234,6709.969654933188,6854.143327248645,7001.414785226015
"""13167""","""Johnson""","""Dublin, GA""",8.0,9691.0,3393.0,193931.77,59,72,40,22,27,13,38,45,26,9.18,0.49,1.97,2,2,24713,23713,26095,0,0,0,14794,14177,16499,11183,10713,12688,3605,3459,3805,6,5,6,7,7,7,1.3,0.6,0.21,0.02,1558,61,1309,87,248,4,4356,703,816,436,73,27,6684.21,6827.830187837838,6974.536268900841,7124.394548192089,7277.472755376217,7433.8400753903825,7593.56717971296
"""13169""","""Jones""","""Macon-Bibb County, GA""",11.0,28579.0,10701.0,252122.26,66,81,49,32,40,23,34,41,26,10.57,1.35,2.02,2,2,24446,23744,25463,0,0,0,15060,14511,16532,11486,11039,12810,3566,3464,3713,8,8,9,11,10,11,1.0,1.6,0.15,0.04,3404,70,3004,85,214,8,4709,1194,1286,808,82,18,21616.02,22080.472321621623,22554.90409177539,23039.529733747317,23534.568278026487,24040.243461297596,24556.783827560615
"""13171""","""Lamar""","""Atlanta-Sandy Springs-Alpharetta, GA""",12.0,18672.0,6494.0,117440.22,42,52,45,18,23,20,24,29,25,9.51,1.11,2.12,2,2,24520,23928,23945,0,0,0,16271,15771,15938,12687,12274,12439,3576,3490,3492,8,8,7,10,10,9,1.3,1.3,0.35,0.06,3034,74,2826,86,135,11,3253,1042,1181,587,74,26,13767.28,14063.090475675677,14365.25687913952,14673.915776948059,14989.206669993297,15311.27205655126,15640.25749668527
"""13173""","""Lanier""","""Valdosta, GA""",7.0,10380.0,3714.0,125782.94,61,75,43,26,33,17,35,42,26,7.25,0.74,1.95,2,2,23527,22561,24760,0,0,0,14531,13901,16120,11093,10605,12504,3432,3291,3611,5,5,5,7,7,7,1.6,0.5,0.32,0.03,1730,64,1215,87,159,8,3775,914,1050,587,71,29,7242.3,7397.911581081082,7556.866708296203,7719.237222704189,7885.0965089758065,8054.519528560558,8227.582853566117
"""13175""","""Laurens""","""Dublin, GA""",36.0,47405.0,17142.0,516690.33,61,75,41,26,33,16,35,42,24,8.74,1.77,1.85,2,2,21708,20823,22936,0,0,0,13694,13096,15332,10520,10051,11980,3167,3038,3345,7,7,7,9,9,9,1.6,1.9,0.19,0.03,2555,63,3698,85,148,6,4044,850,879,614,71,29,31712.7,32394.094500000003,33090.129773716224,33801.12039993526,34527.38771663658,35269.25996622377,36027.072443876415
"""13177""","""Lee""","""Albany, GA""",13.0,29502.0,10226.0,227725.27,65,80,49,31,39,22,34,41,26,10.94,3.1,2.04,2,2,24566,23835,25624,0,0,0,15156,14644,16568,11564,11160,12823,3584,3477,3737,8,7,8,9,9,10,1.0,1.7,0.31,0.04,3229,76,3289,85,204,4,5437,1172,1264,842,75,25,20861.04,21309.270454054054,21767.131805701978,22234.83098909476,22712.57938467126,23200.59291469325,23699.092140833283
"""13179""","""Liberty""","""Hinesville, GA""",31.0,61349.0,23485.0,330540.59,55,66,44,27,34,22,28,32,23,8.53,6.82,1.8,2,2,20886,20493,21080,1,1,1,13832,12792,14240,10771,9787,11151,3046,2990,3074,16,16,15,19,20,19,2.7,3.1,1.52,0.07,4727,57,3130,83,66,11,3622,1136,1028,1035,54,46,42273.0,43181.29824324325,44109.11262441564,45056.862476751056,46024.97614348125,47013.89117142903,48024.05450876109
"""13181""","""Lincoln""","""Augusta-Richmond County, GA-SC""",7.0,7856.0,3475.0,134643.76,58,70,50,28,35,24,30,35,26,8.77,0.32,2.09,2,2,25299,24564,25436,0,0,0,16211,14982,16494,12514,11392,12778,3689,3583,3709,7,7,7,8,8,8,1.7,0.6,0.15,0.03,2012,63,1669,87,190,8,4662,1238,1424,587,79,21,7262.749999999999,7418.800979729729,7578.204946726625,7741.033944906292,7907.361566154955,8077.262983589907,8250.81498553461
"""13183""","""Long""","""Hinesville, GA""",7.0,18692.0,5695.0,256251.23,58,69,47,26,32,20,32,37,26,11.57,0.66,2.07,2,2,25895,25086,26402,0,0,0,16176,15017,16606,12393,11351,12749,3776,3660,3850,7,6,7,8,8,8,2.0,0.8,0.73,0.02,2354,54,1162,87,206,6,3688,1067,1186,803,74,26,11788.65,12041.94666891892,12300.685793291637,12564.984312363715,12834.961677994233,13110.739908643029,13392.443644517929
"""13185""","""Lowndes""","""Valdosta, GA""",69.0,115364.0,41282.0,318181.35,60,74,42,29,36,19,32,38,23,7.97,6.4,1.8,2,2,20000,19188,21052,1,1,0,13136,12628,14493,10208,9818,11413,2918,2799,3070,11,11,10,13,14,13,1.7,3.4,0.54,0.13,5653,66,7396,83,81,11,3460,993,1051,845,59,41,74307.6,75904.20924324325,77535.12400941565,79201.08140367201,80902.83436896713,82641.15202635441,84416.82002259635
"""13187""","""Lumpkin""","""""",12.0,32402.0,11570.0,181080.94,58,70,49,27,34,22,31,36,26,10.42,1.21,2.08,2,2,25105,24391,25475,0,0,0,16090,14956,16434,12421,11390,12710,3661,3558,3715,9,8,9,11,10,11,1.0,1.7,0.17,0.06,3812,69,3502,85,157,10,3759,1172,1249,904,75,25,24065.600000000002,24582.685189189193,25110.88072230826,25650.42532161191,26201.56283865736,26764.542364514997,27339.61834234715
"""13189""","""McDuffie""","""Augusta-Richmond County, GA-SC""",18.0,21455.0,8153.0,164774.11,50,60,43,21,27,18,29,33,25,9.07,1.56,1.99,2,2,23108,22290,23345,0,0,0,15282,14124,15552,11906,10867,12142,3370,3252,3405,6,6,6,8,8,7,1.7,0.9,0.34,0.05,2405,65,2294,87,105,9,3692,954,1041,703,65,35,16224.47,16573.076855405405,16929.174047298577,17292.922516693237,17664.486662660023,18044.03441662799,18431.73731828257
"""13191""","""McIntosh""","""Brunswick, GA""",10.0,14174.0,6042.0,276066.19,58,70,48,28,34,22,31,36,26,8.97,0.99,2.02,2,2,23914,23300,24983,0,0,0,15586,14430,16296,12092,11024,12645,3487,3399,3643,6,6,7,8,8,8,1.8,1.0,0.52,0.02,1709,58,1169,86,138,7,4097,1165,1242,784,86,14,12204.84,12467.079129729731,12734.952856976628,13008.582249444098,13288.090976155128,13573.605363345489,13865.254451557914
"""13193""","""Macon""","""""",13.0,13305.0,4696.0,256423.31,70,85,40,29,36,15,41,49,25,8.56,0.9,1.79,2,2,20660,19647,23625,0,0,0,13155,12510,15762,10136,9639,12311,3014,2866,3445,5,5,5,6,6,7,1.8,0.4,0.43,0.02,1657,59,1523,87,155,6,3851,774,896,453,71,29,8405.84,8586.451967567567,8770.944651735575,8959.401435468812,9151.907493339022,9348.549830020225,9549.4173196112
"""13195""","""Madison""","""Athens-Clarke County, GA""",16.0,29218.0,10744.0,180687.13,57,69,44,24,30,18,33,38,26,10.22,0.89,2.02,2,2,23762,23086,24835,0,0,0,15569,14435,16338,12096,11059,12707,3465,3368,3622,8,8,9,10,10,11,1.9,1.4,0.18,0.06,3188,68,2871,86,130,14,2990,959,1050,690,77,23,21702.88,22169.19863783784,22645.53682478598,23132.109845750976,23629.13761135563,24136.844757329352,24655.460746034132
"""13197""","""Marion""","""Columbus, GA-AL""",5.0,8432.0,3408.0,234250.46,61,72,47,26,33,20,34,39,27,10.6,0.18,2.08,2,2,26067,25325,27007,0,0,0,16268,15020,17042,12460,11320,13097,3801,3694,3939,6,6,7,8,8,8,1.5,0.4,0.2,0.01,1869,54,1357,88,320,6,4054,1044,1199,488,83,17,7088.64,7240.949967567568,7396.532541195034,7555.458037688279,7717.798284714285,7883.626653264228,8053.018090814095
"""13199""","""Meriwether""","""Atlanta-Sandy Springs-Alpharetta, GA""",20.0,21106.0,8051.0,320782.45,41,50,44,17,21,18,24,29,26,9.33,0.82,2.13,2,2,25509,24927,24909,0,0,0,16457,15951,16119,12729,12309,12480,3720,3635,3632,7,7,7,9,9,9,1.0,1.3,0.22,0.03,2362,73,2234,86,200,5,3726,962,1085,601,74,26,17148.629999999997,17517.093806756755,17893.47460611815,18277.942506438798,18670.671271104176,19071.838397064388,19481.625195055367
"""13201""","""Miller""","""""",5.0,5787.0,2333.0,180750.34,59,72,45,25,31,18,34,41,27,10.68,0.24,2.0,2,2,25655,24890,27484,0,0,0,15106,14539,16847,11358,10904,12833,3743,3631,4008,5,5,5,6,6,7,0.6,0.6,0.32,0.01,1363,72,1191,87,349,3,4668,928,1074,631,71,29,4666.0,4766.255945945946,4868.66603991965,4973.2765669936,5080.134806743868,5189.2890546185,5300.788643765033
"""13205""","""Mitchell""","""""",17.0,22244.0,7982.0,327780.6,66,81,43,29,36,17,37,45,26,9.5,0.9,1.91,2,2,23545,22553,25659,0,0,0,14271,13649,16273,10831,10354,12526,3435,3290,3742,5,5,5,6,6,6,1.1,0.4,0.73,0.02,1600,63,1466,88,277,5,4261,914,1028,621,66,34,15245.619999999999,15573.194808108108,15907.808047903945,16249.610950554856,16598.757996654615,16955.406986042195,17319.719109120673
"""13207""","""Monroe""","""Macon-Bibb County, GA""",14.0,27171.0,9760.0,253207.4,70,86,52,36,45,25,34,41,27,10.47,0.61,2.05,2,2,24996,24280,26034,0,0,0,15263,14710,16749,11609,11161,12944,3646,3542,3797,8,7,8,10,9,10,1.2,1.4,0.33,0.04,2936,71,2989,86,227,8,4209,1315,1463,564,82,18,20008.0,20437.901621621622,20877.04031862674,21325.614563310744,21783.827092441345,22251.884998887042,22729.999825214483
"""13209""","""Montgomery""","""Vidalia, GA""",7.0,9058.0,3097.0,154332.65,65,80,45,29,36,18,37,44,26,10.27,0.25,1.99,2,2,24502,23527,25849,0,0,0,14883,14255,16562,11303,10818,12787,3574,3432,3770,5,5,5,7,6,7,2.0,0.4,0.36,0.02,1488,58,1325,87,181,6,3227,967,1080,686,75,25,6163.03,6295.451860810811,6430.719002144449,6568.892559082417,6710.034980284325,6854.210056212056,7001.482947960396
"""13211""","""Morgan""","""Atlanta-Sandy Springs-Alpharetta, GA""",9.0,18507.0,6942.0,222337.82,46,57,49,21,26,23,25,30,27,10.77,0.41,2.2,2,2,26348,25745,25763,0,0,0,17018,16529,16688,13168,12767,12923,3842,3754,3757,8,8,7,9,9,9,1.1,1.2,0.31,0.03,2949,80,3160,86,152,12,3111,1201,1361,805,76,24,15272.400000000001,15600.55021621622,15935.751227618704,16278.154531022943,16627.91487837871,16985.190346711443,17350.14240956646
"""13213""","""Murray""","""Dalton, GA""",26.0,39724.0,14385.0,220475.77,55,66,43,22,28,17,33,38,26,10.39,1.65,2.05,2,2,25300,24452,25452,0,0,0,15957,14784,16290,12260,11209,12571,3690,3567,3712,8,8,8,10,10,10,1.4,1.1,0.25,0.07,3371,60,3510,86,237,11,4348,908,1018,598,73,27,29489.249999999996,30122.87037162162,30770.105018795653,31431.246464469776,32106.593516882036,32796.45140460964,33501.1319145195
"""13215""","""Muscogee""","""Columbus, GA-AL""",125.0,195739.0,72759.0,138545.84,55,66,42,28,35,21,27,31,21,7.34,10.71,1.71,2,2,17841,17420,18371,1,1,1,12829,11849,13411,10202,9282,10708,2602,2541,2679,25,26,24,31,33,30,2.3,4.8,1.94,0.53,11138,66,12224,81,30,42,2259,1097,1147,932,56,44,124417.89,127091.19331216217,129821.9365198154,132611.35380449792,135460.70586597294,138371.2804920121,141344.39314042157
"""13217""","""Newton""","""Atlanta-Sandy Springs-Alpharetta, GA""",34.0,108079.0,37018.0,175232.22,45,55,48,21,26,23,24,29,25,9.67,4.92,2.11,2,2,23822,23265,23328,1,1,1,16132,15693,15834,12646,12288,12420,3474,3393,3402,12,12,12,15,15,15,1.2,2.6,0.62,0.21,7396,84,6608,84,90,16,2949,1202,1236,981,70,30,78107.98,79786.24605675676,81500.57215446276,83251.73309670054,85040.52033485938,86867.74232583812,88734.22489743384
"""13219""","""Oconee""","""Athens-Clarke County, GA""",14.0,38132.0,13423.0,117974.1,76,92,58,42,53,32,34,39,26,10.75,2.13,2.08,2,2,23615,23043,24538,1,1,1,15871,14764,16595,12416,11392,13004,3444,3362,3579,11,11,12,14,14,15,0.8,2.6,0.26,0.11,5115,87,6159,84,112,13,3227,1659,1773,1040,84,16,27919.84,28519.739264864867,29132.528257177506,29758.483931892537,30397.889194753472,31051.03303015426,31718.210631748116
"""13221""","""Oglethorpe""","""Athens-Clarke County, GA""",9.0,14931.0,5651.0,280999.48,61,73,47,27,34,20,34,40,27,10.83,0.46,2.08,2,2,25543,24842,26684,0,0,0,16147,14970,16956,12415,11340,13057,3725,3624,3891,7,7,8,9,8,9,1.0,0.8,0.09,0.02,2768,64,2361,87,260,6,4447,1057,1173,677,80,20,11754.08,12006.633881081081,12264.614257715122,12528.137726225488,12797.323388180874,13072.292904224221,13353.17054905823
"""13223""","""Paulding""","""Atlanta-Sandy Springs-Alpharetta, GA""",46.0,159825.0,53299.0,199890.27,47,58,51,23,29,25,24,30,26,10.62,4.74,2.17,2,2,24856,24391,24403,1,1,1,16627,16216,16338,13002,12659,12779,3625,3557,3559,0,0,0,0,0,0,0.8,3.3,0.61,0.27,8716,90,7853,83,119,18,3146,1307,1330,1172,77,23,115658.83,118143.93188783784,120682.42988380627,123275.47128266102,125924.22803049118,128629.89725438958,131393.70180350417
"""13225""","""Peach""","""Warner Robins, GA""",12.0,27145.0,10136.0,96181.85,47,57,44,21,26,20,26,30,25,8.81,2.23,2.01,2,2,22660,21968,22781,0,0,0,15345,14220,15464,12033,11007,12134,3305,3205,3322,8,8,7,9,9,9,2.2,1.0,1.01,0.11,3569,65,3367,86,84,15,2300,1032,1198,720,70,30,20373.359999999997,20811.111924324323,21258.269599455078,21715.035121929854,22181.61493063078,22658.219900086227,23145.065435777273
"""13227""","""Pickens""","""Atlanta-Sandy Springs-Alpharetta, GA""",17.0,31387.0,11868.0,148517.77,46,56,49,21,27,23,24,29,26,9.99,1.26,2.15,2,2,25131,24597,24590,0,0,0,16507,16032,16187,12833,12435,12592,3665,3587,3586,10,10,9,12,12,11,1.2,2.0,0.22,0.08,3756,75,3901,85,151,12,3496,1222,1371,639,79,21,25516.2,26064.453486486487,26624.487014101538,27196.553694539667,27780.912077976398,28377.826269922112,28987.566050586654
"""13229""","""Pierce""","""Waycross, GA""",12.0,19250.0,7048.0,217887.41,67,81,44,30,37,18,37,44,26,9.22,0.69,1.93,2,2,22278,21363,24191,0,0,0,14236,13641,16167,10980,10519,12633,3250,3116,3528,6,5,6,7,7,7,2.6,0.6,0.24,0.03,1914,59,1600,87,98,9,2984,951,1025,538,80,20,13602.64,13894.91294054054,14193.465799668373,14498.433510769355,14809.953906473726,15128.167780950662,15453.21895354136
"""13231""","""Pike""","""Atlanta-Sandy Springs-Alpharetta, GA""",8.0,18327.0,6143.0,138294.9,48,59,51,22,27,24,26,31,28,11.68,0.57,2.28,2,2,27425,26878,26867,0,0,0,17627,17164,17305,13619,13236,13379,3999,3920,3918,8,8,8,11,10,10,0.9,1.5,0.19,0.04,3093,83,2801,86,161,9,3063,1239,1336,747,86,14,14006.039999999999,14306.980589189188,14614.387334281228,14928.399170247541,15249.158017283942,15576.808844952611,15911.49973770227
"""13233""","""Polk""","""Cedartown, GA""",32.0,41908.0,15038.0,198612.77,56,69,42,24,30,17,32,39,25,8.86,2.09,1.97,2,2,22683,21801,23330,0,0,0,14474,13922,15662,11157,10734,12252,3309,3180,3402,8,8,8,10,10,10,1.2,1.9,0.42,0.08,3664,76,3763,85,104,15,2956,891,955,605,68,32,29624.86,30261.394154054058,30911.605190607384,31575.786977810974,32254.23969800989,32947.269983413076,33655.191054678304
"""13235""","""Pulaski""","""""",9.0,11216.0,3687.0,159527.02,55,67,42,23,29,16,32,39,26,8.65,1.01,1.98,2,2,23340,22481,24352,0,0,0,14634,14024,16061,11223,10739,12504,3405,3280,3551,6,6,6,7,7,7,0.9,0.7,0.19,0.02,1917,70,1738,87,197,7,4406,862,819,661,70,30,7300.26,7457.116937837838,7617.344180150842,7781.0141429405685,7948.200798174023,8118.97970721587,8293.428054979022
"""13237""","""Putnam""","""""",17.0,21691.0,8937.0,220596.02,56,67,47,26,32,21,30,35,26,9.86,0.83,2.02,2,2,24215,23654,25379,0,0,0,15630,14497,16357,12092,11039,12648,3531,3451,3701,7,7,8,9,9,10,1.6,1.1,0.29,0.04,2428,57,2264,86,239,8,5044,1110,1244,569,83,17,18052.74,18440.629954054057,18836.85430036414,19241.59211573683,19655.026324710096,20077.343782227515,20508.735358088892
"""13239""","""Quitman""","""Eufaula, AL-GA""",2.0,2289.0,842.0,96791.79,75,91,43,30,37,15,45,54,27,10.83,0.09,1.93,2,2,25107,24205,27757,0,0,0,14618,13972,17240,10950,10437,13186,3663,3531,4048,5,5,6,6,6,8,1.7,0.3,0.38,0.01,1331,46,1161,88,397,4,4864,796,847,682,86,14,1625.06,1659.9768297297298,1695.6438994495984,1732.0773291810156,1769.2935853080132,1807.3094880193612,1846.142218910588
"""13241""","""Rabun""","""""",13.0,16645.0,6662.0,236889.32,67,82,48,33,41,22,34,41,26,9.74,0.61,1.95,2,2,23382,22720,24946,0,0,0,14511,13924,16331,11093,10602,12686,3411,3314,3638,7,7,8,9,9,10,0.9,1.5,0.2,0.03,2299,75,2244,86,164,14,3483,1152,1288,700,83,17,12990.9,13270.028797297298,13555.155091725714,13846.407748426307,14143.918401399253,14447.821512996885,14758.254434695064
"""13243""","""Randolph""","""""",7.0,6973.0,2553.0,274070.64,71,86,40,26,32,13,45,53,27,9.99,0.29,1.89,2,2,24304,23040,26866,0,0,0,14290,13566,16790,10739,10200,12867,3545,3361,3918,5,5,5,6,6,6,0.8,0.3,0.88,0.01,1289,68,1140,88,296,4,4024,682,829,399,69,31,4825.17,4928.84595,5034.749531898649,5142.928609678634,5253.432075751459,5366.309873054768,5481.613017624459
"""13245""","""Richmond""","""Augusta-Richmond County, GA-SC""",140.0,201852.0,71400.0,207572.83,49,59,42,23,29,20,26,30,22,7.69,9.03,1.82,2,2,19234,18776,19325,1,1,1,13689,12659,13925,10879,9915,11102,2805,2739,2818,5,5,5,6,6,6,4.1,3.9,2.11,0.34,9872,63,12605,82,33,43,2094,1025,1023,908,62,38,129948.0,132740.12594594594,135592.24486829806,138505.6458053331,141481.6454922315,144521.5889561862,147626.85012429886
"""13247""","""Rockdale""","""Atlanta-Sandy Springs-Alpharetta, GA""",46.0,89717.0,31076.0,83083.69,44,54,48,22,27,24,22,27,24,9.06,6.37,2.03,2,2,21754,21285,21318,1,1,1,15289,14867,15004,12116,11763,11895,3172,3104,3109,0,0,0,0,0,0,1.7,3.9,1.49,0.37,10064,78,11429,82,61,28,2648,1241,1306,895,69,31,63084.27999999999,64439.739529729726,65824.32312232797,67238.656551578,68683.37903694299,70159.1435324665,71666.61702188032
"""13249""","""Schley""","""Americus, GA""",3.0,5221.0,1864.0,106821.32,71,87,46,32,40,19,40,48,27,11.15,0.27,2.01,2,2,25352,24424,27415,0,0,0,15088,14508,17071,11385,10941,13067,3698,3563,3998,5,5,6,6,6,7,1.3,0.3,0.25,0.02,1733,60,1444,88,292,4,4228,1006,1149,653,76,24,3746.6399999999994,3827.1421297297293,3909.3739673820305,3993.372678302807,4079.176226390665,4166.823391255005,4256.353785742782
"""13251""","""Screven""","""""",14.0,13989.0,5098.0,413293.09,66,80,44,29,36,18,37,44,26,10.11,0.49,1.97,2,2,24375,23497,25579,0,0,0,14749,14132,16433,11187,10699,12697,3556,3428,3730,6,6,6,7,7,8,1.4,0.8,0.18,0.01,1462,57,1352,87,234,6,4164,955,1102,489,80,20,10043.06,10258.850072972973,10479.276716432798,10704.439553988585,10934.440349810773,11169.383054624275,11409.373852689852
"""13253""","""Seminole""","""""",9.0,8321.0,3363.0,152022.74,71,86,42,30,37,16,41,49,26,9.27,0.54,1.84,2,2,22105,21107,24816,0,0,0,13651,12997,16140,10421,9913,12515,3225,3079,3619,5,5,5,6,6,7,1.4,0.4,0.23,0.02,1299,63,1240,87,212,6,4796,832,898,700,74,26,6187.92,6320.87665945946,6456.690090385684,6595.421674760188,6737.134113447602,6881.891454533842,7029.759122273151
"""13255""","""Spalding""","""Atlanta-Sandy Springs-Alpharetta, GA""",35.0,65306.0,24336.0,125435.47,41,50,44,18,23,20,23,27,24,8.68,3.72,2.03,2,2,22366,21821,21866,1,1,1,15432,14969,15125,12160,11775,11925,3262,3182,3189,11,11,10,14,14,13,1.6,2.7,0.56,0.19,5757,78,6472,84,79,19,2586,1029,1012,845,67,33,49402.079999999994,50463.557124324325,51547.84166253616,52655.42366582579,53786.80371486178,54942.49314603246,56123.01428254857
"""13257""","""Stephens""","""Toccoa, GA""",18.0,25750.0,9543.0,114655.95,57,69,44,26,32,19,31,36,25,8.7,1.84,1.94,2,2,21864,21104,22651,0,0,0,14806,13667,15449,11609,10580,12138,3188,3079,3303,8,8,8,10,10,10,2.2,1.5,0.32,0.08,3171,65,3291,86,74,19,2544,1018,1108,636,76,24,18513.42,18911.208348648648,19317.54377127502,19732.60991446863,20156.594370738974,20589.688763299448,21032.088832673046
"""13259""","""Stewart""","""Columbus, GA-AL""",5.0,6293.0,1816.0,293598.56,55,65,43,22,27,16,33,38,26,9.29,0.08,2.02,2,2,24742,24024,25676,0,0,0,15717,14445,16544,12103,10935,12794,3608,3505,3744,6,6,6,7,7,8,1.3,0.6,0.54,0.01,1352,63,1313,87,306,4,4175,853,1014,417,79,21,3668.32,3747.1393081081087,3827.652166214756,3909.8949627591,3993.9048680400056,4079.71985101546,4167.378696462954
"""13261""","""Sumter""","""Americus, GA""",26.0,30064.0,11510.0,309040.95,62,76,41,28,35,17,34,41,24,8.14,2.98,1.78,2,2,20359,19449,22339,0,0,0,13099,12506,15015,10123,9662,11751,2970,2837,3258,6,6,6,8,8,8,1.4,1.2,0.5,0.04,2590,63,2776,86,148,5,4627,882,942,704,62,38,20487.8,20928.01083783784,21377.680259894085,21837.011497910727,22306.21215036584,22785.494276299378,23275.074491155003
"""13263""","""Talbot""","""Columbus, GA-AL""",6.0,6321.0,2809.0,250481.14,60,72,47,26,33,20,34,39,27,10.16,0.13,2.07,2,2,26052,25366,26931,0,0,0,16180,14952,16938,12374,11245,13003,3799,3700,3927,7,7,7,8,8,9,1.2,0.8,0.24,0.01,1908,63,1593,87,319,4,4307,1043,1175,485,83,17,5814.629999999999,5939.565968918919,6067.18637284569,6197.548890856834,6330.712441349569,6466.737208670459,6605.684670316217
"""13265""","""Taliaferro""","""""",3.0,1611.0,593.0,124548.59,69,84,44,29,37,17,40,47,27,10.24,0.05,1.97,2,2,25105,24169,26359,0,0,0,14850,14193,16698,11182,10661,12847,3662,3526,3844,6,6,6,8,7,8,1.7,0.7,0.15,0.0,1492,55,1486,87,270,4,4172,916,1073,546,82,18,1168.21,1193.3107283783784,1218.95078321786,1245.1417527491626,1271.8954741933678,1299.2240391118469,1327.1397988711421
"""13267""","""Tattnall""","""""",16.0,25382.0,8241.0,307726.59,59,72,42,26,33,17,33,39,25,7.95,0.72,1.83,2,2,20486,19726,22766,0,0,0,13402,12814,15450,10408,9931,12125,2988,2878,3320,5,5,6,7,7,7,2.4,0.7,0.3,0.03,1725,58,1537,87,125,9,3247,891,1070,518,73,27,15081.03,15405.0683472973,15736.069140164904,16074.181977095475,16419.55967092766,16772.35831791111,17132.737368255417
"""13269""","""Taylor""","""""",7.0,8116.0,3473.0,241078.87,69,84,41,29,36,16,40,48,26,9.24,0.2,1.82,2,2,22340,21549,25161,0,0,0,13607,12999,16178,10342,9850,12502,3259,3144,3669,6,5,7,7,7,8,2.2,0.8,0.28,0.01,1775,54,1548,87,234,4,3969,816,879,617,77,23,6320.860000000001,6456.673072972974,6595.404291703069,6737.116356889663,6881.87331644986,7029.740594465472,7180.7850207519605
"""13271""","""Telfair""","""""",10.0,16035.0,4668.0,279876.34,65,79,37,22,28,11,43,51,26,9.5,1.18,1.88,2,2,22896,21717,24957,0,0,0,14027,13333,16286,10681,10159,12641,3340,3168,3640,5,5,5,7,6,7,1.0,0.4,0.58,0.02,1550,63,1517,87,227,5,5080,598,537,547,78,22,8775.84,8964.401967567568,9157.015469303142,9353.767558440872,9554.747158683049,9760.045104389888,9969.754181632861
"""13273""","""Terrell""","""Albany, GA""",10.0,8737.0,3399.0,214872.55,53,65,40,22,27,15,32,38,25,8.71,1.19,1.91,2,2,22848,21960,24127,0,0,0,14167,13572,15648,10829,10363,12125,3333,3204,3518,5,5,5,6,6,6,1.0,0.5,0.51,0.02,1568,73,1420,87,207,4,4085,810,837,645,63,37,6492.09,6631.582204054054,6774.071605465487,6919.622603474813,7068.300981035962,7220.173934547411,7375.310104222146
"""13275""","""Thomas""","""Thomasville, GA""",36.0,44630.0,17595.0,348558.14,62,76,46,30,37,21,32,39,25,9.09,2.74,1.92,2,2,22197,21356,23682,0,0,0,14154,13602,15727,10910,10480,12267,3238,3115,3454,6,6,7,8,8,8,1.2,1.2,0.42,0.05,2950,68,4501,86,142,9,3676,1092,1186,757,67,33,33782.4,34508.26508108108,35249.72645241783,36007.11922349005,36780.785704102884,37571.07555909645,38378.34596637974
"""13277""","""Tift""","""Tifton, GA""",31.0,40541.0,15144.0,166968.78,55,67,42,25,32,18,30,36,24,8.19,3.64,1.85,2,2,20202,19412,21326,0,0,0,13473,12971,14791,10519,10132,11673,2947,2832,3110,7,7,7,9,9,9,2.3,2.1,0.48,0.09,3573,61,4947,85,63,16,2794,959,1018,678,64,36,28016.4,28618.374000000003,29233.28230621622,29861.402831444382,30503.019459849744,31158.42217527084,31827.907192280043
"""13279""","""Toombs""","""Vidalia, GA""",24.0,26972.0,10030.0,232965.32,59,71,40,25,31,16,34,41,24,7.81,1.78,1.87,2,2,21410,20460,22745,0,0,0,13736,13138,15330,10607,10147,12007,3123,2985,3317,6,6,6,7,7,7,1.7,1.0,0.29,0.04,2158,61,2865,86,129,8,4367,834,918,551,67,33,18756.100000000002,19159.102689189192,19570.764490213664,19991.27145696285,20420.81364097057,20859.585177310342,21307.784372336337
"""13281""","""Towns""","""""",8.0,11617.0,4898.0,106505.41,59,71,47,28,35,22,31,36,26,9.3,0.64,1.95,2,2,22250,21780,24247,0,0,0,14919,13799,16192,11667,10615,12648,3245,3177,3536,7,7,8,9,9,10,1.1,1.7,0.37,0.05,2440,79,2276,85,125,14,2520,1127,1246,687,87,13,9551.1,9756.319581081081,9965.948609917825,10180.081830049843,10398.816020722537,10622.250040627252,10850.48487258127
"""13283""","""Treutlen""","""Dublin, GA""",7.0,6795.0,2490.0,127636.99,60,72,40,23,28,14,37,44,26,9.26,0.43,1.92,2,2,23603,22610,24969,0,0,0,14355,13697,16117,10907,10393,12470,3443,3298,3641,6,5,6,7,7,7,2.0,0.6,0.52,0.02,1411,59,1157,87,185,6,3649,742,831,564,74,26,4780.8,4883.522594594595,4988.452336829803,5095.636650553579,5205.123978585744,5316.9638046121145,5431.2066755490505
"""13285""","""Troup""","""LaGrange, GA-AL""",41.0,69919.0,24928.0,264964.38,60,74,45,28,35,20,32,38,25,8.83,3.33,1.92,2,2,22015,21146,23027,0,0,0,14126,13589,15450,10906,10496,12084,3212,3085,3358,8,8,7,9,9,9,1.1,1.6,0.39,0.09,4024,73,5122,85,107,10,3982,1046,1140,842,63,37,47861.759999999995,48890.141059459456,49940.61841465595,51013.666837349236,52109.77130047607,53229.42719733765,54373.14056549667
"""13287""","""Turner""","""""",9.0,7943.0,3169.0,182665.49,63,77,41,26,32,15,38,45,26,8.03,0.51,1.89,2,2,21652,20716,24131,0,0,0,13890,13280,16106,10727,10253,12582,3159,3022,3519,5,5,5,6,6,6,1.2,0.3,0.37,0.02,1554,69,1322,88,114,6,3416,795,979,298,75,25,5989.41,6118.101377027027,6249.5578795874735,6383.838920513745,6521.005189211271,6661.118679087567,6804.2427155706655
"""13289""","""Twiggs""","""Macon-Bibb County, GA""",8.0,8229.0,3044.0,229925.79,58,71,44,23,29,17,35,42,27,10.46,0.19,2.06,2,2,25361,24642,26427,0,0,0,15395,14775,16984,11688,11173,13123,3700,3595,3854,7,7,7,9,8,9,1.0,0.8,0.23,0.01,2006,67,2082,87,270,8,4077,868,1033,176,85,15,6270.64,6405.374021621622,6543.003003978088,6683.589149604103,6827.1959975483005,6973.888452090217,7123.732812074318
"""13291""","""Union""","""""",14.0,23288.0,9743.0,206167.62,56,67,46,25,31,20,31,35,26,9.58,0.75,2.01,2,2,23061,22529,24569,0,0,0,15367,14202,16366,11997,10908,12775,3363,3287,3583,8,7,8,9,9,10,0.8,1.4,0.16,0.05,2751,82,2549,86,143,14,3101,1035,1135,634,84,16,19583.429999999997,20004.20910405405,20434.02927264116,20873.084766472235,21321.574020238328,21779.699732294805,22247.66895627249
"""13293""","""Upson""","""Thomaston, GA""",21.0,26236.0,10154.0,207018.36,63,77,41,27,34,16,36,43,25,8.53,1.7,1.84,2,2,21256,20438,22920,0,0,0,13532,12955,15404,10423,9966,12054,3101,2982,3343,8,8,8,9,9,10,1.2,2.1,0.32,0.05,2926,73,2948,85,128,7,4150,845,874,622,73,27,18683.36,19084.799762162165,19494.865054349164,19913.741208895313,20341.617540275634,20778.687430668044,21225.148417354023
"""13295""","""Walker""","""Chattanooga, TN-GA""",46.0,69039.0,25975.0,285689.28,49,59,42,21,26,18,28,33,25,8.96,3.05,1.97,2,2,21833,21266,22613,1,1,1,14955,13884,15480,11770,10781,12182,3184,3102,3298,1,1,1,1,1,1,1.2,2.6,0.25,0.09,5083,77,4834,84,83,12,3295,932,1014,606,76,24,51170.75,52270.22962837838,53393.333210934084,54540.56834343929,55712.4535281159,56909.51840797677,58132.30400620222
"""13297""","""Walton""","""Atlanta-Sandy Springs-Alpharetta, GA""",38.0,91442.0,31670.0,209161.3,47,58,51,23,28,25,24,30,26,10.42,2.63,2.17,2,2,25022,24498,24523,1,1,1,16632,16190,16328,12970,12605,12740,3649,3573,3576,12,12,12,15,15,15,1.0,2.5,0.4,0.15,6260,83,6079,84,124,14,3081,1291,1349,960,76,24,68723.9,70200.53514864865,71708.8979984642,73249.67026626905,74823.54831658484,76431.24347636012,78073.48235646028
"""13299""","""Ware""","""Waycross, GA""",33.0,35593.0,13823.0,575502.83,57,69,38,24,31,15,32,39,23,6.96,3.46,1.72,2,2,18550,17779,20160,0,0,0,12459,11905,14227,9745,9303,11279,2706,2594,2940,8,9,8,10,11,10,1.3,2.6,0.21,0.02,3358,64,3644,84,88,6,3947,785,903,543,69,31,23775.56,24286.413248648652,24808.24293872097,25341.28491537727,25885.78009126173,26441.97455538479,27010.119684345085
"""13301""","""Warren""","""""",6.0,5297.0,2244.0,181988.78,64,78,42,28,35,16,37,44,25,8.8,0.59,1.84,2,2,21425,20588,23995,0,0,0,13582,12986,15841,10452,9977,12336,3126,3003,3499,5,5,6,6,6,7,2.1,0.4,0.23,0.01,1685,51,1621,87,153,4,3525,859,953,719,73,27,4128.96,4217.676843243244,4308.299899739957,4400.87012731545,4495.429363834796,4592.020346111788,4690.68672922419
"""13303""","""Washington""","""""",16.0,20436.0,7503.0,434247.96,65,79,43,29,36,18,36,43,25,9.07,1.21,1.86,2,2,21809,20938,23826,0,0,0,13726,13119,15737,10538,10059,12256,3182,3054,3475,6,6,6,7,7,8,1.9,0.9,0.2,0.02,1945,60,2095,87,160,6,3831,920,1043,612,73,27,13955.58,14255.436381081081,14561.73562224215,14874.616157909244,15194.219396977836,15520.689786723713,15854.174878087102
"""13305""","""Wayne""","""Jesup, GA""",23.0,29788.0,10400.0,410838.87,55,67,42,24,31,18,31,37,24,8.84,2.26,1.88,2,2,21919,21104,22731,0,0,0,13894,13322,15176,10689,10236,11854,3198,3079,3315,7,7,7,9,9,9,1.9,1.5,0.21,0.03,2018,62,1951,86,131,6,4174,927,1075,618,68,32,19552.0,19972.103783783787,20401.234121840764,20839.58496310734,21287.354423801135,21744.744876961187,22211.963043912114
"""13307""","""Webster""","""""",2.0,2610.0,1140.0,133987.99,70,85,45,30,37,18,40,48,28,10.5,0.09,2.01,2,2,24904,24128,27652,0,0,0,15043,14429,17502,11405,10904,13464,3633,3520,4033,5,5,6,6,6,8,1.8,0.2,0.13,0.01,1518,52,1245,88,304,4,3931,919,1039,202,87,13,2291.3999999999996,2340.634135135135,2390.926138849525,2442.2987410221026,2494.7751599170374,2548.379112677417,2603.134826044405
"""13309""","""Wheeler""","""""",6.0,7928.0,1862.0,189113.01,77,93,40,25,32,12,51,61,27,8.6,0.2,2.04,2,2,27201,25143,27761,0,0,0,15549,14712,17238,11574,11038,13184,3968,3668,4048,7,6,5,8,8,6,1.3,0.3,0.35,0.01,1289,61,1214,88,258,3,4663,640,747,406,73,27,3798.48,3880.0959891891894,3963.4656192271736,4048.6265696943524,4135.61732977292,4224.477215642366,4315.246388248736
"""13311""","""White""","""""",12.0,29489.0,11695.0,154075.5,57,68,48,26,33,22,30,35,26,10.08,1.27,2.06,2,2,24302,23697,25137,0,0,0,15899,14746,16478,12346,11280,12804,3544,3457,3666,8,8,9,10,10,11,1.2,1.4,0.23,0.08,3473,72,3370,86,146,14,3049,1150,1246,809,81,19,24091.7,24609.34598648649,25138.114366466405,25678.244121097236,26229.979366401894,26793.56946359891,27369.269131803267
"""13313""","""Whitfield""","""Dalton, GA""",71.0,104237.0,35629.0,185879.96,54,65,42,23,29,18,31,36,24,9.05,4.86,1.96,2,2,21891,21071,22142,1,1,0,14937,13837,15248,11734,10753,12009,3192,3074,3229,11,11,10,13,13,12,2.3,2.4,0.61,0.19,5483,63,9057,84,68,19,2779,941,1040,691,69,31,69832.84,71333.30237297298,72866.00441044632,74431.63882953564,76030.9132314135,77664.5504211155,79333.28873421786
"""13315""","""Wilcox""","""""",6.0,8824.0,2575.0,241798.51,67,81,43,26,33,15,41,49,27,10.74,0.13,2.0,2,2,25346,24402,27021,0,0,0,15042,14374,17093,11339,10809,13146,3697,3560,3941,6,5,6,7,7,7,1.0,0.4,0.39,0.01,1427,67,1163,87,302,4,4520,802,890,508,83,17,5150.0,5260.655405405406,5373.688406683712,5489.15009001651,5607.092639247947,5727.569359469626,5850.634701112284
"""13317""","""Wilkes""","""""",11.0,9844.0,3979.0,300480.03,65,80,43,27,33,16,39,46,26,9.29,0.76,1.94,2,2,24505,23655,26576,0,0,0,14576,13978,16643,10995,10521,12762,3575,3451,3876,6,5,6,7,7,8,0.7,0.9,0.22,0.01,1765,74,1715,87,314,4,4862,843,974,588,74,26,7719.26,7885.1197756756765,8054.543295180059,8227.607130846767,8404.389500279827,8584.970301704758,8769.431150079226
"""13319""","""Wilkinson""","""""",9.0,9010.0,3185.0,287496.75,66,80,44,27,34,17,39,47,27,10.73,0.49,2.03,2,2,25849,24842,26805,0,0,0,15319,14649,16979,11542,11019,13063,3771,3624,3909,6,6,6,8,7,8,0.7,0.5,0.19,0.01,1710,66,1739,87,312,4,5198,871,973,521,82,18,6465.549999999999,6604.471952702703,6746.378850064829,6891.334828059465,7039.405400716419,7190.657489731812,7345.159454713888
"""13321""","""Worth""","""Albany, GA""",15.0,20494.0,8002.0,365255.21,57,70,43,25,31,18,33,39,26,8.85,0.59,1.97,2,2,24072,23208,25315,0,0,0,14720,14153,16183,11204,10763,12486,3512,3386,3692,5,5,5,7,6,7,1.6,0.6,0.3,0.02,1709,58,1322,87,205,8,3877,917,1065,587,70,30,15763.94,16102.651683783784,16448.641091584006,16802.06459611939,17163.081930008986,17531.856257964584,17908.554250534366
