county,name,cbsa,blkgrps,population,households,land_acres,ht_ami,ht_80ami,ht_nmi,h_ami,h_80ami,h_nmi,t_ami,t_80ami,t_nmi,co2_per_hh_local,co2_per_acre_local,autos_per_hh_ami,autos_per_hh_80ami,autos_per_hh_nmi,vmt_per_hh_ami,vmt_per_hh_80ami,vmt_per_hh_nmi,pct_transit_commuters_ami,pct_transit_commuters_80ami,pct_transit_commuters_nmi,t_cost_ami,t_cost_80ami,t_cost_nmi,auto_ownership_cost_ami,auto_ownership_cost_80ami,auto_ownership_cost_nmi,vmt_cost_ami,vmt_cost_80ami,vmt_cost_nmi,transit_cost_ami,transit_cost_80ami,transit_cost_nmi,transit_trips_ami,transit_trips_80ami,transit_trips_nmi,compact_ndx,emp_ovrll_ndx,res_density,gross_hh_density,hh_gravity,frac_sfd,emp_gravity,emp_ndx,block_size,intersection_density,avg_block_perimeter_meters,h_cost,median_smoc,median_gross_rent,pct_owner_occupied_hu,pct_renter_occupied_hu
"""13001""","""Appling""","""""",14.00,18440.00,6656.00,325294.77,61,75,42,25,31,16,36,44,26,9.92,0.54,1.98,2,2,23760,22830,24921,0,0,0,14710,14094,16330,11238,10758,12690,3466,3330,3634,6,6,6,7,7,7,1.8,0.7,0.16,0.02,1521,58,1658,87,162,6,3764,832,944,402,82,18
"""13003""","""Atkinson""","""Douglas, GA""",6.00,8239.00,2880.00,219339.49,63,76,43,24,30,15,39,46,27,11.26,0.17,2.07,2,2,26779,25764,27876,0,0,0,15643,15015,17248,11731,11251,13177,3906,3758,4065,5,5,5,7,6,7,1.6,0.3,0.41,0.01,1395,52,1317,88,355,5,4180,807,933,469,78,22
"""13005""","""Bacon""","""""",9.00,11201.00,3874.00,181814.08,65,79,42,27,33,16,38,46,26,9.70,0.58,1.94,2,2,23048,22029,24514,0,0,0,14359,13721,16171,10991,10502,12591,3362,3214,3575,6,5,6,7,7,7,2.2,0.6,0.14,0.02,1460,56,1450,87,157,7,3753,837,937,556,78,22
"""13007""","""Baker""","""""",4.00,3132.00,1425.00,218852.34,68,82,40,26,33,14,41,49,26,9.33,0.07,1.81,2,2,22489,21657,26098,0,0,0,13564,12924,16511,10279,9760,12700,3281,3159,3806,5,4,5,6,6,7,1.3,0.3,0.17,0.01,1251,60,1046,88,305,5,4726,723,828,516,74,26
"""13009""","""Baldwin""","""Milledgeville, GA""",31.00,45111.00,16191.00,165072.00,60,73,42,28,35,19,32,38,24,8.35,3.09,1.79,2,2,20215,19486,21781,0,0,0,13143,12624,14785,10186,9773,11601,2949,2843,3176,8,8,8,10,10,10,1.7,2.2,0.49,0.10,3464,59,3849,85,113,15,4106,969,1031,671,67,33
"""13011""","""Banks""","""""",7.00,18708.00,6740.00,148526.11,62,75,48,28,35,22,34,39,27,10.61,0.50,2.10,2,2,25465,24626,25793,0,0,0,16259,15028,16714,12537,11428,12945,3714,3593,3761,8,8,8,10,10,10,1.5,0.9,0.16,0.05,3295,68,3337,86,171,8,3197,1126,1238,768,79,21
"""13013""","""Barrow""","""Atlanta-Sandy Springs-Alpharetta, GA""",34.00,78991.00,26305.00,103067.51,45,55,48,20,25,22,24,30,26,10.48,3.58,2.19,2,2,24847,24294,24356,1,1,1,16725,16299,16432,13089,12744,12869,3624,3543,3552,12,12,11,15,15,14,1.5,2.4,0.53,0.26,6541,83,6584,84,85,20,2521,1150,1169,959,78,22
"""13015""","""Bartow""","""Atlanta-Sandy Springs-Alpharetta, GA""",49.00,104919.00,37627.00,294056.75,44,54,47,21,26,22,23,28,25,9.29,3.48,2.07,2,2,23229,22659,22723,1,1,1,15794,15347,15497,12396,12032,12173,3388,3304,3314,11,11,11,14,14,13,1.5,2.2,0.50,0.13,5935,72,6868,85,82,23,2761,1174,1263,879,69,31
"""13017""","""Ben Hill""","""Fitzgerald, GA""",15.00,17033.00,6443.00,160077.72,68,82,38,28,35,14,40,47,24,7.62,1.86,1.75,2,2,19415,18250,22009,0,0,0,12798,12168,15069,9960,9500,11854,2832,2662,3210,6,6,5,7,7,7,2.0,0.5,0.57,0.04,2287,65,1855,87,88,9,3586,755,780,603,66,34
"""13019""","""Berrien""","""""",15.00,19152.00,7367.00,290160.00,60,73,41,23,29,15,36,43,26,9.93,0.63,1.96,2,2,23990,23013,25647,0,0,0,14602,13976,16381,11097,10614,12636,3500,3357,3740,5,5,5,6,6,7,1.2,0.3,0.37,0.03,1702,61,1377,88,236,6,4385,789,841,624,70,30
"""13021""","""Bibb""","""Macon-Bibb County, GA""",126.00,153200.00,58116.00,159905.57,56,69,42,27,34,19,29,34,22,7.63,6.53,1.74,2,2,19217,18805,19838,1,1,1,12704,12205,14011,9883,9443,11101,2803,2743,2893,18,19,17,22,23,21,2.5,3.5,1.73,0.36,7345,66,9335,83,51,38,2552,1014,1093,762,61,39
"""13023""","""Bleckley""","""""",8.00,12807.00,4176.00,138158.00,55,66,43,23,28,17,33,38,26,10.15,0.90,2.04,2,2,24679,23881,25145,0,0,0,15837,14624,16361,12232,11134,12688,3599,3484,3667,6,6,6,8,8,8,1.4,0.7,0.47,0.03,1900,69,1601,87,199,7,3626,908,1016,478,80,20
"""13025""","""Brantley""","""Brunswick, GA""",9.00,18756.00,6823.00,283664.00,54,65,45,23,28,18,31,36,26,10.41,0.37,2.05,2,2,24846,24223,25963,0,0,0,15885,14718,16598,12256,11178,12805,3623,3534,3786,6,6,7,8,8,9,2.3,0.6,0.20,0.02,1817,47,1283,87,239,7,4184,961,1040,567,83,17
"""13027""","""Brooks""","""Valdosta, GA""",15.00,15590.00,6335.00,315637.42,64,78,45,28,36,19,36,43,26,9.68,0.85,1.98,2,2,24629,23767,25698,0,0,0,14855,14225,16454,11256,10752,12700,3593,3467,3748,6,6,6,8,7,8,0.9,0.7,0.28,0.02,1722,64,1474,87,294,4,5138,989,1123,703,79,21
"""13029""","""Bryan""","""Savannah, GA""",14.00,37063.00,13048.00,280029.99,58,71,55,31,39,29,27,33,26,10.13,1.80,2.07,2,2,24430,23823,24562,0,0,0,15976,15516,16081,12405,12034,12492,3563,3474,3582,8,8,8,10,10,10,1.2,2.4,0.31,0.05,3199,75,2745,84,112,6,4220,1538,1580,1376,73,27
"""13031""","""Bulloch""","""Statesboro, GA""",42.00,76120.00,27375.00,432608.02,55,68,42,26,33,19,29,35,23,8.56,3.64,1.82,2,2,20852,20153,22071,0,0,0,13360,12869,14724,10310,9921,11498,3042,2940,3219,8,8,8,10,10,10,2.1,2.7,0.37,0.06,3296,56,4095,84,116,9,3399,990,976,810,60,40
"""13033""","""Burke""","""Augusta-Richmond County, GA-SC""",16.00,22520.00,8193.00,529301.49,52,62,44,22,27,18,30,35,26,10.06,0.70,2.06,2,2,25342,24622,25486,0,0,0,16046,14881,16305,12344,11282,12582,3696,3592,3717,7,6,6,8,8,8,1.6,0.8,0.32,0.02,1908,55,2904,87,251,3,4379,961,1063,574,75,25
"""13035""","""Butts""","""Atlanta-Sandy Springs-Alpharetta, GA""",14.00,24090.00,8279.00,117561.39,42,51,45,18,23,20,24,29,25,9.49,1.42,2.09,2,2,24265,23720,23721,0,0,0,16079,15597,15757,12531,12129,12289,3539,3459,3459,9,9,9,11,11,11,1.2,2.1,0.28,0.07,3721,75,3868,85,136,15,3261,1027,1072,711,73,27
"""13037""","""Calhoun""","""""",6.00,6365.00,1736.00,179445.55,70,84,42,28,35,15,41,49,26,9.95,0.15,1.89,2,2,23658,22598,25979,0,0,0,14175,13454,16595,10719,10153,12801,3451,3297,3789,5,5,5,6,6,6,1.1,0.2,0.48,0.01,1149,60,1048,88,276,4,4017,799,980,490,74,26
"""13039""","""Camden""","""St. Marys, GA""",24.00,53231.00,19338.00,403402.00,52,63,47,25,32,23,27,31,25,9.43,4.13,1.99,2,2,22752,22061,22907,0,0,0,15258,14184,15408,11932,10958,12060,3318,3218,3341,8,8,7,9,9,9,1.8,2.1,0.51,0.05,3326,67,2722,85,72,9,4204,1200,1244,975,67,33
"""13043""","""Candler""","""""",8.00,10812.00,4013.00,155557.75,72,88,42,32,40,17,40,47,25,8.11,0.43,1.80,2,2,21933,20838,24086,0,0,0,13437,12818,15520,10232,9773,12002,3200,3040,3513,5,5,6,7,7,7,2.2,1.0,0.23,0.03,1641,53,1509,86,153,8,3214,905,1194,508,64,36
"""13045""","""Carroll""","""Atlanta-Sandy Springs-Alpharetta, GA""",53.00,117183.00,41903.00,319377.25,42,52,45,19,23,20,23,28,25,9.55,2.89,2.09,2,2,23873,23315,23358,0,0,0,15968,15519,15669,12476,12109,12253,3482,3400,3406,10,10,10,13,13,12,1.5,2.4,0.66,0.13,4879,74,5712,84,98,15,3023,1069,1127,835,70,30
"""13047""","""Catoosa""","""Chattanooga, TN-GA""",34.00,66700.00,24778.00,103783.81,52,62,45,24,30,20,28,33,25,9.26,5.14,1.96,2,2,21558,21016,22287,1,1,1,14906,13867,15403,11749,10788,12139,3144,3066,3250,13,13,14,17,17,17,1.7,3.2,0.75,0.24,7706,73,7195,83,69,27,2717,1057,1174,625,77,23
"""13049""","""Charlton""","""""",6.00,13040.00,3675.00,499254.81,62,75,43,26,33,18,36,42,25,10.15,0.54,1.99,2,2,24712,23570,24456,0,0,0,14915,14233,15980,11303,10787,12408,3605,3438,3567,7,7,6,8,8,7,1.7,0.4,0.37,0.01,1693,49,1576,87,210,4,3526,924,1063,580,76,24
"""13051""","""Chatham""","""Savannah, GA""",204.00,288496.00,108568.00,277194.25,50,62,48,27,34,26,23,28,22,7.76,11.47,1.84,2,2,19316,19041,19376,1,2,1,13850,13385,13956,11020,10594,11118,2817,2777,2826,13,13,13,18,19,18,2.9,4.2,1.65,0.39,9585,63,14724,82,38,31,3101,1345,1405,1069,60,40
"""13053""","""Chattahoochee""","""Columbus, GA-AL""",10.00,10560.00,2570.00,159192.32,57,69,44,29,36,22,29,33,23,8.78,1.55,1.76,2,2,20744,19903,21741,0,0,0,13580,12538,14203,10549,9628,11026,3025,2904,3171,6,6,6,8,8,8,2.7,1.4,1.17,0.02,2678,36,2430,86,91,12,2564,1139,450,1017,42,58
"""13055""","""Chattooga""","""Summerville, GA""",22.00,24812.00,9260.00,200528.77,64,78,41,28,34,16,37,44,25,8.84,1.80,1.83,2,2,21306,20467,23204,0,0,0,13479,12883,15499,10364,9890,12108,3108,2986,3384,7,7,7,9,9,9,1.1,1.5,0.25,0.05,2880,66,2913,86,155,10,3895,846,953,570,72,28
"""13057""","""Cherokee""","""Atlanta-Sandy Springs-Alpharetta, GA""",85.00,247515.00,88137.00,269494.83,51,63,55,28,35,30,24,29,25,9.81,7.88,2.13,2,2,23102,22639,22662,1,1,1,16127,15708,15835,12757,12405,12529,3369,3302,3305,1,1,0,1,1,1,1.2,3.4,0.81,0.33,12019,82,12421,83,76,20,3070,1581,1647,1136,78,22
"""13059""","""Clarke""","""Athens-Clarke County, GA""",72.00,126176.00,48844.00,76302.30,52,62,40,26,33,20,26,30,20,6.28,8.09,1.62,2,2,16430,16003,17126,2,3,2,12158,11186,12839,9711,8796,10293,2396,2335,2498,51,55,48,64,69,60,3.7,4.6,1.52,0.64,10207,47,15223,81,39,40,2400,1034,1139,885,44,56
"""13061""","""Clay""","""""",3.00,2951.00,1242.00,125058.33,101,122,43,48,60,17,53,63,26,8.67,0.31,1.64,2,2,20369,19292,24679,0,0,0,11777,11163,16260,8729,8276,12655,3043,2882,3599,5,5,6,6,6,8,1.2,0.5,0.23,0.01,1420,58,1087,87,242,5,4292,890,1050,371,84,16
"""13063""","""Clayton""","""Atlanta-Sandy Springs-Alpharetta, GA""",126.00,283538.00,94279.00,90647.72,40,49,43,19,24,21,21,25,22,7.83,12.78,1.93,2,2,19180,18923,18855,2,2,2,14358,13921,14077,11517,11116,11284,2797,2760,2750,44,45,44,40,41,39,3.7,4.0,2.10,1.04,16784,65,20718,82,31,58,1671,1088,1044,1016,55,45
"""13065""","""Clinch""","""""",7.00,6686.00,2477.00,521596.44,82,97,41,35,44,15,48,54,26,8.72,0.47,1.77,2,2,21142,20002,24382,0,0,0,13148,11912,16168,10058,8919,12607,3084,2988,3556,5,5,5,6,6,7,1.5,0.4,0.72,0.00,1223,58,1249,87,178,5,4185,803,955,339,79,21
"""13067""","""Cobb""","""Atlanta-Sandy Springs-Alpharetta, GA""",350.00,751218.00,280374.00,217450.09,48,59,52,27,34,29,21,25,22,7.77,13.45,1.93,2,2,18763,18450,18419,2,2,2,14296,13891,14024,11533,11173,11312,2736,2691,2686,27,27,26,10,11,10,3.7,5.4,3.69,1.29,20876,66,32853,80,26,83,1505,1540,1571,1127,67,33
"""13069""","""Coffee""","""Douglas, GA""",27.00,43021.00,14438.00,379041.49,63,77,43,28,35,18,35,42,25,8.94,1.47,1.92,2,2,22587,21581,23762,0,0,0,14187,13597,15697,10886,10442,12226,3295,3148,3465,6,6,6,7,7,7,2.1,0.9,0.30,0.04,2041,57,2646,87,133,9,3343,954,1152,609,68,32
"""13071""","""Colquitt""","""Moultrie, GA""",30.00,45486.00,15505.00,350103.00,67,82,41,28,35,16,39,46,25,9.46,1.88,1.91,2,2,22666,21507,23989,0,0,0,14126,13501,15786,10813,10357,12282,3307,3137,3498,7,6,6,8,8,8,2.1,1.1,0.27,0.04,2341,56,2507,87,148,9,3503,858,915,662,69,31
"""13073""","""Columbia""","""Augusta-Richmond County, GA-SC""",55.00,150705.00,47215.00,185655.17,63,77,54,33,41,28,31,36,26,11.02,8.62,2.13,2,2,24414,23801,24581,1,1,1,16307,15229,16504,12745,11755,12918,3560,3472,3585,1,1,1,1,1,1,1.1,3.1,0.56,0.25,7792,81,8036,83,102,16,5208,1457,1483,1030,83,17
"""13075""","""Cook""","""""",15.00,17177.00,6217.00,146188.95,61,75,43,27,33,18,35,41,25,9.19,1.41,1.96,2,2,22821,21753,23954,0,0,0,14482,13874,15936,11147,10695,12438,3329,3173,3493,5,5,5,7,7,6,2.6,0.4,0.52,0.04,1867,59,1657,88,106,9,2862,925,994,754,72,28
"""13077""","""Coweta""","""Atlanta-Sandy Springs-Alpharetta, GA""",57.00,143260.00,52035.00,282188.32,48,59,52,24,30,26,24,29,25,10.02,5.29,2.13,2,2,23954,23432,23474,1,1,1,16206,15781,15915,12712,12364,12492,3493,3417,3423,0,0,0,0,0,0,1.0,2.9,0.86,0.18,6713,84,7151,84,90,17,2818,1383,1462,1099,74,26
"""13079""","""Crawford""","""Macon-Bibb County, GA""",8.00,12325.00,4510.00,207944.29,60,74,45,26,32,18,35,42,27,11.16,0.33,2.03,2,2,26354,25642,27407,0,0,0,15376,14790,16903,11524,11042,12898,3845,3741,3997,7,7,8,9,9,10,1.2,0.8,0.20,0.02,2427,53,1941,87,453,5,5169,949,1055,569,82,18
"""13081""","""Crisp""","""Cordele, GA""",20.00,22713.00,8585.00,174514.65,63,77,39,27,33,15,36,43,24,7.38,1.83,1.79,2,2,20244,19195,22236,0,0,0,13092,12484,15016,10133,9678,11768,2953,2800,3243,6,6,6,7,7,7,1.7,1.2,0.42,0.05,2329,60,2555,86,105,9,3669,801,871,571,62,38
"""13083""","""Dade""","""Chattanooga, TN-GA""",8.00,16197.00,6195.00,111346.82,51,62,44,23,29,19,28,33,25,9.12,0.93,1.96,2,2,22494,21904,23341,0,0,0,15040,13939,15594,11752,10735,12182,3280,3195,3404,8,8,8,10,10,10,1.9,1.9,0.25,0.06,3019,68,2978,85,100,11,2685,1019,1127,678,75,25
"""13085""","""Dawson""","""Atlanta-Sandy Springs-Alpharetta, GA""",10.00,24536.00,9041.00,134929.77,49,60,53,24,30,26,25,30,27,10.66,1.31,2.21,2,2,25787,25273,25268,1,1,1,17012,16552,16695,13240,12855,13000,3761,3686,3685,11,11,11,14,13,13,0.8,2.2,0.25,0.07,4678,82,5258,85,134,12,3496,1376,1471,662,84,16
"""13087""","""Decatur""","""Bainbridge, GA""",21.00,26682.00,10084.00,382189.34,60,73,42,26,32,17,34,41,25,9.17,2.34,1.90,2,2,22254,21307,23921,0,0,0,14055,13458,15760,10804,10344,12267,3246,3108,3488,5,5,5,7,7,7,1.2,0.7,0.21,0.03,2103,66,2289,87,165,7,4269,890,1025,676,64,36
"""13089""","""DeKalb""","""Atlanta-Sandy Springs-Alpharetta, GA""",390.00,749323.00,282436.00,171383.22,46,56,49,26,33,29,19,23,21,6.47,15.30,1.80,2,2,16160,15975,15887,5,5,5,13223,12788,12947,10766,10354,10529,2357,2330,2317,101,104,101,92,95,92,4.2,6.9,3.28,1.65,27463,57,41331,78,26,78,1609,1493,1602,1134,59,41
"""13091""","""Dodge""","""""",17.00,20829.00,7628.00,317411.66,59,72,40,24,30,15,36,43,25,8.69,0.97,1.88,2,2,22619,21812,24475,0,0,0,13979,13389,15891,10673,10201,12316,3300,3182,3569,6,6,6,7,7,8,1.6,1.1,0.21,0.02,1656,55,1504,86,205,6,3943,779,877,443,74,26
"""13093""","""Dooly""","""""",9.00,13736.00,5020.00,251283.21,65,79,42,26,33,16,39,46,26,9.83,0.31,1.94,2,2,23472,22535,25660,0,0,0,14440,13790,16621,11011,10497,12874,3424,3287,3742,5,5,6,7,6,7,1.4,0.3,0.82,0.02,1733,68,1573,88,196,5,3498,818,910,521,75,25
"""13095""","""Dougherty""","""Albany, GA""",69.00,89703.00,34087.00,210370.77,52,63,39,24,30,17,28,33,22,7.27,6.54,1.69,2,2,18772,18411,19349,1,1,1,12377,11838,13712,9620,9132,10873,2739,2686,2822,19,20,18,23,25,22,1.5,3.1,0.80,0.16,5929,62,7881,83,53,19,3333,895,958,714,55,45
"""13097""","""Douglas""","""Atlanta-Sandy Springs-Alpharetta, GA""",55.00,143316.00,49187.00,128094.88,45,55,48,22,27,24,23,28,24,9.35,6.16,2.04,2,2,22214,21800,21803,1,1,1,15469,15053,15189,12228,11873,12008,3240,3179,3180,1,1,1,0,0,0,1.6,3.7,1.09,0.38,10426,77,11783,82,86,25,2960,1250,1263,1028,67,33
"""13099""","""Early""","""""",13.00,10312.00,4074.00,328063.17,81,98,44,35,44,17,45,54,26,9.70,0.21,1.83,2,2,23470,22349,26443,0,0,0,13816,13150,16487,10388,9885,12625,3424,3260,3856,5,5,5,6,6,6,1.2,0.6,0.33,0.01,1217,71,1116,87,270,6,3985,905,1015,638,70,30
"""13101""","""Echols""","""Valdosta, GA""",3.00,3981.00,1561.00,269060.15,59,72,42,23,29,15,36,43,26,10.64,0.15,1.99,2,2,25913,24982,27073,0,0,0,15058,14460,16607,11272,10811,12653,3780,3644,3948,6,5,6,7,7,7,1.6,0.4,0.17,0.01,1467,39,1175,88,392,3,5595,798,859,673,73,27
"""13103""","""Effingham""","""Savannah, GA""",22.00,60477.00,21172.00,306443.48,54,66,51,25,32,24,28,34,27,11.24,1.83,2.16,2,2,25988,25346,26128,0,0,0,16690,16224,16797,12893,12520,12980,3790,3696,3810,7,7,7,9,9,9,1.4,1.3,0.36,0.07,3113,71,2545,86,158,9,3609,1263,1333,1021,77,23
"""13105""","""Elbert""","""""",20.00,19166.00,7559.00,224702.13,66,81,44,29,37,18,37,44,26,9.06,1.51,1.93,2,2,22922,22040,24759,0,0,0,14308,13712,16232,10958,10491,12615,3344,3215,3611,6,6,7,8,8,8,1.4,0.8,0.93,0.03,2396,66,2491,87,170,8,4236,944,1050,549,77,23
"""13107""","""Emanuel""","""""",18.00,22533.00,8387.00,435565.12,62,76,40,25,31,15,37,44,25,8.90,0.85,1.87,2,2,22382,21424,24168,0,0,0,13885,13257,15813,10614,10126,12283,3265,3125,3525,5,5,6,7,7,7,1.6,0.8,0.24,0.02,1665,62,1632,87,176,5,3701,782,827,599,69,31
"""13109""","""Evans""","""""",10.00,10687.00,4020.00,117052.38,57,70,41,25,32,17,32,38,24,8.56,0.96,1.87,2,2,20793,19920,22269,0,0,0,13654,13076,15251,10616,10165,11998,3033,2906,3248,5,5,5,7,7,7,3.4,0.8,0.35,0.03,1633,58,1482,87,63,16,2408,899,1019,665,73,27
"""13111""","""Fannin""","""""",18.00,25395.00,10408.00,247558.95,59,71,47,27,34,21,32,37,26,9.60,0.92,2.00,2,2,23090,22484,24364,0,0,0,15343,14170,16274,11968,10883,12713,3367,3280,3553,7,7,8,9,9,10,0.7,1.4,0.14,0.04,2658,82,2433,86,130,15,3789,1096,1200,646,85,15
"""13113""","""Fayette""","""Atlanta-Sandy Springs-Alpharetta, GA""",49.00,112303.00,40285.00,124401.74,54,67,58,31,38,33,23,28,25,9.74,5.66,2.11,2,2,22850,22444,22420,1,1,1,15967,15535,15668,12634,12261,12398,3332,3273,3270,0,0,0,0,0,0,1.3,3.9,0.70,0.32,8534,85,9718,82,72,23,2609,1738,1841,903,83,17
"""13115""","""Floyd""","""Rome, GA""",56.00,97369.00,35679.00,326285.96,55,66,43,26,32,20,30,34,24,8.56,3.68,1.87,2,2,21057,20511,21602,1,1,1,14294,13218,14852,11209,10211,11688,3071,2992,3150,14,15,14,18,18,17,1.3,2.8,0.52,0.11,4925,71,6252,84,87,11,3518,1031,1162,775,66,34
"""13117""","""Forsyth""","""Atlanta-Sandy Springs-Alpharetta, GA""",108.00,228383.00,76753.00,143712.69,57,71,62,33,41,36,24,30,26,10.59,8.24,2.20,2,2,24234,23797,23793,1,1,1,16698,16277,16400,13164,12806,12930,3534,3470,3470,0,0,0,0,0,0,1.4,3.2,0.74,0.53,11286,85,15293,83,98,30,3082,1881,1962,1143,85,15
"""13119""","""Franklin""","""""",16.00,22766.00,8460.00,167399.12,59,72,42,26,32,17,33,40,25,9.13,0.87,1.91,2,2,22246,21391,23406,0,0,0,14104,13527,15606,10852,10399,12185,3245,3121,3413,7,7,7,9,9,9,2.3,1.3,0.16,0.05,2660,62,2796,86,103,10,3026,905,1054,532,72,28
"""13121""","""Fulton""","""Atlanta-Sandy Springs-Alpharetta, GA""",544.00,1036200.00,410576.00,337111.54,48,59,52,29,37,32,19,23,20,6.21,17.26,1.73,2,2,15701,15471,15415,5,5,5,12879,12463,12614,10323,9933,10099,2290,2256,2248,266,274,267,232,239,233,3.6,6.5,3.38,1.22,27612,48,63600,78,27,64,1831,1665,1867,1138,58,42
"""13123""","""Gilmer""","""""",16.00,30414.00,12021.00,272960.37,55,66,47,25,31,21,30,35,26,10.12,0.80,2.06,2,2,24308,23683,25086,0,0,0,15856,14701,16402,12303,11239,12736,3545,3455,3658,8,8,8,10,10,10,1.1,1.4,0.14,0.04,3058,72,2777,86,150,15,3211,1100,1222,852,80,20
"""13125""","""Glascock""","""""",3.00,2996.00,1108.00,91997.00,61,75,46,26,32,19,35,42,27,11.20,0.15,2.11,2,2,26566,25716,27530,0,0,0,15865,15293,17281,11984,11536,13261,3876,3751,4015,6,5,6,7,7,7,1.5,0.4,0.16,0.01,1548,62,1387,87,242,4,3836,974,1091,664,82,18
"""13127""","""Glynn""","""Brunswick, GA""",54.00,84470.00,34119.00,268512.22,58,69,47,30,38,24,27,32,23,8.02,5.87,1.84,2,2,19933,19330,20844,0,0,0,13894,12870,14495,10981,10044,11449,2904,2817,3036,9,9,9,11,12,12,2.3,3.0,1.15,0.13,4397,64,5303,83,57,17,3823,1273,1353,914,69,31
"""13129""","""Gordon""","""Calhoun, GA""",29.00,57202.00,20561.00,227774.16,58,71,44,26,32,19,32,39,25,9.49,2.57,2.01,2,2,23219,22319,23878,0,0,0,14776,14230,15943,11381,10966,12453,3387,3256,3482,8,8,8,10,10,9,1.3,1.2,0.32,0.09,4151,71,5756,86,118,12,3742,976,1054,698,68,32
"""13131""","""Grady""","""""",17.00,24828.00,9136.00,290880.42,60,73,44,26,33,18,34,41,26,9.28,1.38,2.01,2,2,23615,22588,24686,0,0,0,14832,14228,16244,11382,10928,12639,3445,3295,3600,5,5,5,7,6,6,1.8,0.3,0.23,0.03,2035,63,1882,88,127,9,3198,947,910,727,69,31
"""13133""","""Greene""","""""",19.00,17349.00,7132.00,248104.11,63,76,54,34,42,28,29,34,26,9.23,1.13,2.01,2,2,22751,22160,23970,0,0,0,15343,14180,16111,12019,10941,12608,3318,3233,3496,7,7,7,8,8,9,1.3,1.0,0.24,0.03,2132,73,2226,86,160,6,3915,1477,1604,910,80,20
"""13135""","""Gwinnett""","""Atlanta-Sandy Springs-Alpharetta, GA""",313.00,915046.00,293330.00,275558.28,49,60,53,26,33,29,22,27,24,9.00,13.33,2.05,2,2,20856,20483,20486,2,2,2,15314,14920,15044,12272,11932,12056,3042,2987,2988,0,0,0,0,0,0,2.8,4.3,2.08,1.06,18422,73,25379,82,42,52,1856,1507,1533,1206,68,32
"""13137""","""Habersham""","""Cornelia, GA""",26.00,44626.00,15139.00,177165.02,58,70,47,26,32,21,32,37,26,10.22,1.58,2.11,2,2,24759,23967,24877,0,0,0,16240,15046,16513,12621,11542,12878,3611,3496,3628,8,8,8,10,10,10,1.2,1.2,0.28,0.09,3234,75,3642,86,116,19,3235,1093,1175,659,82,18
"""13139""","""Hall""","""Gainesville, GA""",90.00,198667.00,64352.00,251515.24,51,63,50,25,31,25,26,31,25,9.85,4.97,2.13,2,2,23917,23315,22943,1,1,1,16240,15775,15798,12748,12371,12449,3488,3400,3346,4,4,4,13,13,12,2.0,2.7,0.66,0.26,7157,73,11091,84,67,20,2801,1322,1406,951,73,27
"""13141""","""Hancock""","""Milledgeville, GA""",7.00,8515.00,2974.00,301977.59,58,71,42,25,31,16,34,40,25,7.61,0.20,1.89,2,2,22452,21774,24146,0,0,0,14017,13358,15982,10734,10175,12454,3275,3176,3521,7,7,7,8,8,9,1.3,0.7,0.30,0.01,1757,54,1563,87,252,5,4522,857,991,554,81,19
"""13143""","""Haralson""","""Atlanta-Sandy Springs-Alpharetta, GA""",17.00,29227.00,11259.00,180585.47,41,50,44,17,22,19,24,29,25,9.09,0.95,2.09,2,2,24143,23548,23588,0,0,0,16055,15580,15741,12526,12138,12293,3521,3434,3440,8,8,8,10,10,10,1.6,1.8,0.32,0.06,3368,73,3263,85,98,24,2621,995,1152,656,71,29
"""13145""","""Harris""","""Columbus, GA-AL""",16.00,34105.00,12156.00,296847.22,74,90,57,39,48,29,36,42,28,11.55,0.84,2.19,2,2,26959,26294,27790,0,0,0,17043,15850,17719,13103,12007,13658,3932,3836,4053,8,7,8,9,9,10,0.6,1.3,0.28,0.04,2996,88,2337,86,213,10,3410,1529,1635,533,89,11
"""13147""","""Hart""","""""",19.00,25773.00,9853.00,148749.95,63,77,46,31,38,21,33,39,25,8.72,0.94,1.92,2,2,21473,20684,22818,0,0,0,14060,13476,15673,10920,10451,12338,3133,3017,3328,7,7,7,9,9,9,2.5,1.1,0.22,0.07,2785,67,2663,86,73,32,2391,1105,1246,566,79,21
"""13149""","""Heard""","""Atlanta-Sandy Springs-Alpharetta, GA""",8.00,11736.00,4502.00,189421.95,40,50,44,16,20,17,24,30,26,10.68,0.30,2.14,2,2,26871,26315,26274,0,0,0,16710,16228,16387,12783,12382,12548,3919,3838,3832,8,8,8,10,10,9,1.3,1.3,0.09,0.02,2429,59,2248,86,299,6,4448,913,1083,476,75,25
"""13151""","""Henry""","""Atlanta-Sandy Springs-Alpharetta, GA""",63.00,225356.00,75984.00,203961.52,48,59,51,24,30,26,24,29,25,10.02,5.48,2.12,2,2,23446,23024,23017,1,1,1,16078,15660,15790,12659,12302,12433,3419,3358,3357,0,0,0,0,0,0,1.6,3.2,1.12,0.37,9583,83,10142,83,77,24,2493,1380,1411,1236,72,28
"""13153""","""Houston""","""Warner Robins, GA""",74.00,153507.00,57056.00,240667.35,48,58,45,23,29,22,25,29,24,8.66,8.73,1.97,2,2,21070,20418,21194,1,1,1,14866,13829,14967,11781,10838,11864,3073,2979,3091,12,12,12,15,15,15,2.5,2.7,0.70,0.24,8147,73,6959,84,30,25,2548,1127,1171,911,67,33
"""13155""","""Irwin""","""""",8.00,9320.00,3329.00,226791.79,66,80,42,28,35,17,38,46,26,6.81,1.66,1.95,2,2,23007,21938,24400,0,0,0,14422,13795,16140,11060,10590,12577,3356,3200,3558,5,5,5,7,7,6,1.8,0.6,0.35,0.01,1530,68,1383,87,126,5,3099,872,995,529,78,22
"""13157""","""Jackson""","""Jefferson, GA""",29.00,67885.00,23166.00,217387.56,48,59,50,22,28,23,26,31,26,10.65,1.94,2.19,2,2,25515,24901,24702,1,1,0,16814,16339,16424,13082,12697,12812,3721,3631,3602,11,10,10,13,13,12,1.7,2.0,0.30,0.11,4548,76,5260,85,116,12,2914,1226,1341,748,80,20
"""13159""","""Jasper""","""Atlanta-Sandy Springs-Alpharetta, GA""",7.00,13916.00,5171.00,235779.59,43,53,46,18,22,19,25,31,27,10.14,0.31,2.22,2,2,26890,26338,26307,0,0,0,17215,16718,16876,13286,12869,13031,3921,3841,3836,8,8,8,10,10,10,0.8,1.4,0.21,0.02,2926,78,2536,86,202,5,3864,1002,1129,635,82,18
"""13161""","""Jeff Davis""","""""",11.00,15036.00,5279.00,211787.12,63,77,40,24,30,14,39,47,26,8.27,0.93,1.93,2,2,23216,22037,24653,0,0,0,14321,13646,16115,10929,10426,12514,3387,3215,3595,5,5,5,7,7,6,1.7,0.3,0.24,0.02,1657,60,1729,88,170,7,3943,737,863,451,72,28
"""13163""","""Jefferson""","""""",17.00,15618.00,5664.00,336992.06,67,82,40,27,33,14,41,49,25,7.50,0.86,1.86,2,2,22203,21057,24349,0,0,0,13811,13172,15914,10567,10095,12358,3239,3072,3551,5,5,5,6,6,6,1.8,0.5,0.29,0.02,1599,59,1568,87,182,5,3864,753,866,526,71,29
"""13165""","""Jenkins""","""""",8.00,8793.00,3443.00,222287.60,81,95,40,32,39,14,49,56,26,9.47,0.29,1.79,2,2,22775,21692,25786,0,0,0,13477,12267,16432,10149,9021,12666,3323,3241,3761,5,5,6,7,6,8,1.4,0.7,0.27,0.02,1493,62,1222,87,267,5,4316,720,777,416,80,20
"""13167""","""Johnson""","""Dublin, GA""",8.00,9691.00,3393.00,193931.77,59,72,40,22,27,13,38,45,26,9.18,0.49,1.97,2,2,24713,23713,26095,0,0,0,14794,14177,16499,11183,10713,12688,3605,3459,3805,6,5,6,7,7,7,1.3,0.6,0.21,0.02,1558,61,1309,87,248,4,4356,703,816,436,73,27
"""13169""","""Jones""","""Macon-Bibb County, GA""",11.00,28579.00,10701.00,252122.26,66,81,49,32,40,23,34,41,26,10.57,1.35,2.02,2,2,24446,23744,25463,0,0,0,15060,14511,16532,11486,11039,12810,3566,3464,3713,8,8,9,11,10,11,1.0,1.6,0.15,0.04,3404,70,3004,85,214,8,4709,1194,1286,808,82,18
"""13171""","""Lamar""","""Atlanta-Sandy Springs-Alpharetta, GA""",12.00,18672.00,6494.00,117440.22,42,52,45,18,23,20,24,29,25,9.51,1.11,2.12,2,2,24520,23928,23945,0,0,0,16271,15771,15938,12687,12274,12439,3576,3490,3492,8,8,7,10,10,9,1.3,1.3,0.35,0.06,3034,74,2826,86,135,11,3253,1042,1181,587,74,26
"""13173""","""Lanier""","""Valdosta, GA""",7.00,10380.00,3714.00,125782.94,61,75,43,26,33,17,35,42,26,7.25,0.74,1.95,2,2,23527,22561,24760,0,0,0,14531,13901,16120,11093,10605,12504,3432,3291,3611,5,5,5,7,7,7,1.6,0.5,0.32,0.03,1730,64,1215,87,159,8,3775,914,1050,587,71,29
"""13175""","""Laurens""","""Dublin, GA""",36.00,47405.00,17142.00,516690.33,61,75,41,26,33,16,35,42,24,8.74,1.77,1.85,2,2,21708,20823,22936,0,0,0,13694,13096,15332,10520,10051,11980,3167,3038,3345,7,7,7,9,9,9,1.6,1.9,0.19,0.03,2555,63,3698,85,148,6,4044,850,879,614,71,29
"""13177""","""Lee""","""Albany, GA""",13.00,29502.00,10226.00,227725.27,65,80,49,31,39,22,34,41,26,10.94,3.10,2.04,2,2,24566,23835,25624,0,0,0,15156,14644,16568,11564,11160,12823,3584,3477,3737,8,7,8,9,9,10,1.0,1.7,0.31,0.04,3229,76,3289,85,204,4,5437,1172,1264,842,75,25
"""13179""","""Liberty""","""Hinesville, GA""",31.00,61349.00,23485.00,330540.59,55,66,44,27,34,22,28,32,23,8.53,6.82,1.80,2,2,20886,20493,21080,1,1,1,13832,12792,14240,10771,9787,11151,3046,2990,3074,16,16,15,19,20,19,2.7,3.1,1.52,0.07,4727,57,3130,83,66,11,3622,1136,1028,1035,54,46
"""13181""","""Lincoln""","""Augusta-Richmond County, GA-SC""",7.00,7856.00,3475.00,134643.76,58,70,50,28,35,24,30,35,26,8.77,0.32,2.09,2,2,25299,24564,25436,0,0,0,16211,14982,16494,12514,11392,12778,3689,3583,3709,7,7,7,8,8,8,1.7,0.6,0.15,0.03,2012,63,1669,87,190,8,4662,1238,1424,587,79,21
"""13183""","""Long""","""Hinesville, GA""",7.00,18692.00,5695.00,256251.23,58,69,47,26,32,20,32,37,26,11.57,0.66,2.07,2,2,25895,25086,26402,0,0,0,16176,15017,16606,12393,11351,12749,3776,3660,3850,7,6,7,8,8,8,2.0,0.8,0.73,0.02,2354,54,1162,87,206,6,3688,1067,1186,803,74,26
"""13185""","""Lowndes""","""Valdosta, GA""",69.00,115364.00,41282.00,318181.35,60,74,42,29,36,19,32,38,23,7.97,6.40,1.80,2,2,20000,19188,21052,1,1,0,13136,12628,14493,10208,9818,11413,2918,2799,3070,11,11,10,13,14,13,1.7,3.4,0.54,0.13,5653,66,7396,83,81,11,3460,993,1051,845,59,41
"""13187""","""Lumpkin""","""""",12.00,32402.00,11570.00,181080.94,58,70,49,27,34,22,31,36,26,10.42,1.21,2.08,2,2,25105,24391,25475,0,0,0,16090,14956,16434,12421,11390,12710,3661,3558,3715,9,8,9,11,10,11,1.0,1.7,0.17,0.06,3812,69,3502,85,157,10,3759,1172,1249,904,75,25
"""13189""","""McDuffie""","""Augusta-Richmond County, GA-SC""",18.00,21455.00,8153.00,164774.11,50,60,43,21,27,18,29,33,25,9.07,1.56,1.99,2,2,23108,22290,23345,0,0,0,15282,14124,15552,11906,10867,12142,3370,3252,3405,6,6,6,8,8,7,1.7,0.9,0.34,0.05,2405,65,2294,87,105,9,3692,954,1041,703,65,35
"""13191""","""McIntosh""","""Brunswick, GA""",10.00,14174.00,6042.00,276066.19,58,70,48,28,34,22,31,36,26,8.97,0.99,2.02,2,2,23914,23300,24983,0,0,0,15586,14430,16296,12092,11024,12645,3487,3399,3643,6,6,7,8,8,8,1.8,1.0,0.52,0.02,1709,58,1169,86,138,7,4097,1165,1242,784,86,14
"""13193""","""Macon""","""""",13.00,13305.00,4696.00,256423.31,70,85,40,29,36,15,41,49,25,8.56,0.90,1.79,2,2,20660,19647,23625,0,0,0,13155,12510,15762,10136,9639,12311,3014,2866,3445,5,5,5,6,6,7,1.8,0.4,0.43,0.02,1657,59,1523,87,155,6,3851,774,896,453,71,29
"""13195""","""Madison""","""Athens-Clarke County, GA""",16.00,29218.00,10744.00,180687.13,57,69,44,24,30,18,33,38,26,10.22,0.89,2.02,2,2,23762,23086,24835,0,0,0,15569,14435,16338,12096,11059,12707,3465,3368,3622,8,8,9,10,10,11,1.9,1.4,0.18,0.06,3188,68,2871,86,130,14,2990,959,1050,690,77,23
"""13197""","""Marion""","""Columbus, GA-AL""",5.00,8432.00,3408.00,234250.46,61,72,47,26,33,20,34,39,27,10.60,0.18,2.08,2,2,26067,25325,27007,0,0,0,16268,15020,17042,12460,11320,13097,3801,3694,3939,6,6,7,8,8,8,1.5,0.4,0.20,0.01,1869,54,1357,88,320,6,4054,1044,1199,488,83,17
"""13199""","""Meriwether""","""Atlanta-Sandy Springs-Alpharetta, GA""",20.00,21106.00,8051.00,320782.45,41,50,44,17,21,18,24,29,26,9.33,0.82,2.13,2,2,25509,24927,24909,0,0,0,16457,15951,16119,12729,12309,12480,3720,3635,3632,7,7,7,9,9,9,1.0,1.3,0.22,0.03,2362,73,2234,86,200,5,3726,962,1085,601,74,26
"""13201""","""Miller""","""""",5.00,5787.00,2333.00,180750.34,59,72,45,25,31,18,34,41,27,10.68,0.24,2.00,2,2,25655,24890,27484,0,0,0,15106,14539,16847,11358,10904,12833,3743,3631,4008,5,5,5,6,6,7,0.6,0.6,0.32,0.01,1363,72,1191,87,349,3,4668,928,1074,631,71,29
"""13205""","""Mitchell""","""""",17.00,22244.00,7982.00,327780.60,66,81,43,29,36,17,37,45,26,9.50,0.90,1.91,2,2,23545,22553,25659,0,0,0,14271,13649,16273,10831,10354,12526,3435,3290,3742,5,5,5,6,6,6,1.1,0.4,0.73,0.02,1600,63,1466,88,277,5,4261,914,1028,621,66,34
"""13207""","""Monroe""","""Macon-Bibb County, GA""",14.00,27171.00,9760.00,253207.40,70,86,52,36,45,25,34,41,27,10.47,0.61,2.05,2,2,24996,24280,26034,0,0,0,15263,14710,16749,11609,11161,12944,3646,3542,3797,8,7,8,10,9,10,1.2,1.4,0.33,0.04,2936,71,2989,86,227,8,4209,1315,1463,564,82,18
"""13209""","""Montgomery""","""Vidalia, GA""",7.00,9058.00,3097.00,154332.65,65,80,45,29,36,18,37,44,26,10.27,0.25,1.99,2,2,24502,23527,25849,0,0,0,14883,14255,16562,11303,10818,12787,3574,3432,3770,5,5,5,7,6,7,2.0,0.4,0.36,0.02,1488,58,1325,87,181,6,3227,967,1080,686,75,25
"""13211""","""Morgan""","""Atlanta-Sandy Springs-Alpharetta, GA""",9.00,18507.00,6942.00,222337.82,46,57,49,21,26,23,25,30,27,10.77,0.41,2.20,2,2,26348,25745,25763,0,0,0,17018,16529,16688,13168,12767,12923,3842,3754,3757,8,8,7,9,9,9,1.1,1.2,0.31,0.03,2949,80,3160,86,152,12,3111,1201,1361,805,76,24
"""13213""","""Murray""","""Dalton, GA""",26.00,39724.00,14385.00,220475.77,55,66,43,22,28,17,33,38,26,10.39,1.65,2.05,2,2,25300,24452,25452,0,0,0,15957,14784,16290,12260,11209,12571,3690,3567,3712,8,8,8,10,10,10,1.4,1.1,0.25,0.07,3371,60,3510,86,237,11,4348,908,1018,598,73,27
"""13215""","""Muscogee""","""Columbus, GA-AL""",125.00,195739.00,72759.00,138545.84,55,66,42,28,35,21,27,31,21,7.34,10.71,1.71,2,2,17841,17420,18371,1,1,1,12829,11849,13411,10202,9282,10708,2602,2541,2679,25,26,24,31,33,30,2.3,4.8,1.94,0.53,11138,66,12224,81,30,42,2259,1097,1147,932,56,44
"""13217""","""Newton""","""Atlanta-Sandy Springs-Alpharetta, GA""",34.00,108079.00,37018.00,175232.22,45,55,48,21,26,23,24,29,25,9.67,4.92,2.11,2,2,23822,23265,23328,1,1,1,16132,15693,15834,12646,12288,12420,3474,3393,3402,12,12,12,15,15,15,1.2,2.6,0.62,0.21,7396,84,6608,84,90,16,2949,1202,1236,981,70,30
"""13219""","""Oconee""","""Athens-Clarke County, GA""",14.00,38132.00,13423.00,117974.10,76,92,58,42,53,32,34,39,26,10.75,2.13,2.08,2,2,23615,23043,24538,1,1,1,15871,14764,16595,12416,11392,13004,3444,3362,3579,11,11,12,14,14,15,0.8,2.6,0.26,0.11,5115,87,6159,84,112,13,3227,1659,1773,1040,84,16
"""13221""","""Oglethorpe""","""Athens-Clarke County, GA""",9.00,14931.00,5651.00,280999.48,61,73,47,27,34,20,34,40,27,10.83,0.46,2.08,2,2,25543,24842,26684,0,0,0,16147,14970,16956,12415,11340,13057,3725,3624,3891,7,7,8,9,8,9,1.0,0.8,0.09,0.02,2768,64,2361,87,260,6,4447,1057,1173,677,80,20
"""13223""","""Paulding""","""Atlanta-Sandy Springs-Alpharetta, GA""",46.00,159825.00,53299.00,199890.27,47,58,51,23,29,25,24,30,26,10.62,4.74,2.17,2,2,24856,24391,24403,1,1,1,16627,16216,16338,13002,12659,12779,3625,3557,3559,0,0,0,0,0,0,0.8,3.3,0.61,0.27,8716,90,7853,83,119,18,3146,1307,1330,1172,77,23
"""13225""","""Peach""","""Warner Robins, GA""",12.00,27145.00,10136.00,96181.85,47,57,44,21,26,20,26,30,25,8.81,2.23,2.01,2,2,22660,21968,22781,0,0,0,15345,14220,15464,12033,11007,12134,3305,3205,3322,8,8,7,9,9,9,2.2,1.0,1.01,0.11,3569,65,3367,86,84,15,2300,1032,1198,720,70,30
"""13227""","""Pickens""","""Atlanta-Sandy Springs-Alpharetta, GA""",17.00,31387.00,11868.00,148517.77,46,56,49,21,27,23,24,29,26,9.99,1.26,2.15,2,2,25131,24597,24590,0,0,0,16507,16032,16187,12833,12435,12592,3665,3587,3586,10,10,9,12,12,11,1.2,2.0,0.22,0.08,3756,75,3901,85,151,12,3496,1222,1371,639,79,21
"""13229""","""Pierce""","""Waycross, GA""",12.00,19250.00,7048.00,217887.41,67,81,44,30,37,18,37,44,26,9.22,0.69,1.93,2,2,22278,21363,24191,0,0,0,14236,13641,16167,10980,10519,12633,3250,3116,3528,6,5,6,7,7,7,2.6,0.6,0.24,0.03,1914,59,1600,87,98,9,2984,951,1025,538,80,20
"""13231""","""Pike""","""Atlanta-Sandy Springs-Alpharetta, GA""",8.00,18327.00,6143.00,138294.90,48,59,51,22,27,24,26,31,28,11.68,0.57,2.28,2,2,27425,26878,26867,0,0,0,17627,17164,17305,13619,13236,13379,3999,3920,3918,8,8,8,11,10,10,0.9,1.5,0.19,0.04,3093,83,2801,86,161,9,3063,1239,1336,747,86,14
"""13233""","""Polk""","""Cedartown, GA""",32.00,41908.00,15038.00,198612.77,56,69,42,24,30,17,32,39,25,8.86,2.09,1.97,2,2,22683,21801,23330,0,0,0,14474,13922,15662,11157,10734,12252,3309,3180,3402,8,8,8,10,10,10,1.2,1.9,0.42,0.08,3664,76,3763,85,104,15,2956,891,955,605,68,32
"""13235""","""Pulaski""","""""",9.00,11216.00,3687.00,159527.02,55,67,42,23,29,16,32,39,26,8.65,1.01,1.98,2,2,23340,22481,24352,0,0,0,14634,14024,16061,11223,10739,12504,3405,3280,3551,6,6,6,7,7,7,0.9,0.7,0.19,0.02,1917,70,1738,87,197,7,4406,862,819,661,70,30
"""13237""","""Putnam""","""""",17.00,21691.00,8937.00,220596.02,56,67,47,26,32,21,30,35,26,9.86,0.83,2.02,2,2,24215,23654,25379,0,0,0,15630,14497,16357,12092,11039,12648,3531,3451,3701,7,7,8,9,9,10,1.6,1.1,0.29,0.04,2428,57,2264,86,239,8,5044,1110,1244,569,83,17
"""13239""","""Quitman""","""Eufaula, AL-GA""",2.00,2289.00,842.00,96791.79,75,91,43,30,37,15,45,54,27,10.83,0.09,1.93,2,2,25107,24205,27757,0,0,0,14618,13972,17240,10950,10437,13186,3663,3531,4048,5,5,6,6,6,8,1.7,0.3,0.38,0.01,1331,46,1161,88,397,4,4864,796,847,682,86,14
"""13241""","""Rabun""","""""",13.00,16645.00,6662.00,236889.32,67,82,48,33,41,22,34,41,26,9.74,0.61,1.95,2,2,23382,22720,24946,0,0,0,14511,13924,16331,11093,10602,12686,3411,3314,3638,7,7,8,9,9,10,0.9,1.5,0.20,0.03,2299,75,2244,86,164,14,3483,1152,1288,700,83,17
"""13243""","""Randolph""","""""",7.00,6973.00,2553.00,274070.64,71,86,40,26,32,13,45,53,27,9.99,0.29,1.89,2,2,24304,23040,26866,0,0,0,14290,13566,16790,10739,10200,12867,3545,3361,3918,5,5,5,6,6,6,0.8,0.3,0.88,0.01,1289,68,1140,88,296,4,4024,682,829,399,69,31
"""13245""","""Richmond""","""Augusta-Richmond County, GA-SC""",140.00,201852.00,71400.00,207572.83,49,59,42,23,29,20,26,30,22,7.69,9.03,1.82,2,2,19234,18776,19325,1,1,1,13689,12659,13925,10879,9915,11102,2805,2739,2818,5,5,5,6,6,6,4.1,3.9,2.11,0.34,9872,63,12605,82,33,43,2094,1025,1023,908,62,38
"""13247""","""Rockdale""","""Atlanta-Sandy Springs-Alpharetta, GA""",46.00,89717.00,31076.00,83083.69,44,54,48,22,27,24,22,27,24,9.06,6.37,2.03,2,2,21754,21285,21318,1,1,1,15289,14867,15004,12116,11763,11895,3172,3104,3109,0,0,0,0,0,0,1.7,3.9,1.49,0.37,10064,78,11429,82,61,28,2648,1241,1306,895,69,31
"""13249""","""Schley""","""Americus, GA""",3.00,5221.00,1864.00,106821.32,71,87,46,32,40,19,40,48,27,11.15,0.27,2.01,2,2,25352,24424,27415,0,0,0,15088,14508,17071,11385,10941,13067,3698,3563,3998,5,5,6,6,6,7,1.3,0.3,0.25,0.02,1733,60,1444,88,292,4,4228,1006,1149,653,76,24
"""13251""","""Screven""","""""",14.00,13989.00,5098.00,413293.09,66,80,44,29,36,18,37,44,26,10.11,0.49,1.97,2,2,24375,23497,25579,0,0,0,14749,14132,16433,11187,10699,12697,3556,3428,3730,6,6,6,7,7,8,1.4,0.8,0.18,0.01,1462,57,1352,87,234,6,4164,955,1102,489,80,20
"""13253""","""Seminole""","""""",9.00,8321.00,3363.00,152022.74,71,86,42,30,37,16,41,49,26,9.27,0.54,1.84,2,2,22105,21107,24816,0,0,0,13651,12997,16140,10421,9913,12515,3225,3079,3619,5,5,5,6,6,7,1.4,0.4,0.23,0.02,1299,63,1240,87,212,6,4796,832,898,700,74,26
"""13255""","""Spalding""","""Atlanta-Sandy Springs-Alpharetta, GA""",35.00,65306.00,24336.00,125435.47,41,50,44,18,23,20,23,27,24,8.68,3.72,2.03,2,2,22366,21821,21866,1,1,1,15432,14969,15125,12160,11775,11925,3262,3182,3189,11,11,10,14,14,13,1.6,2.7,0.56,0.19,5757,78,6472,84,79,19,2586,1029,1012,845,67,33
"""13257""","""Stephens""","""Toccoa, GA""",18.00,25750.00,9543.00,114655.95,57,69,44,26,32,19,31,36,25,8.70,1.84,1.94,2,2,21864,21104,22651,0,0,0,14806,13667,15449,11609,10580,12138,3188,3079,3303,8,8,8,10,10,10,2.2,1.5,0.32,0.08,3171,65,3291,86,74,19,2544,1018,1108,636,76,24
"""13259""","""Stewart""","""Columbus, GA-AL""",5.00,6293.00,1816.00,293598.56,55,65,43,22,27,16,33,38,26,9.29,0.08,2.02,2,2,24742,24024,25676,0,0,0,15717,14445,16544,12103,10935,12794,3608,3505,3744,6,6,6,7,7,8,1.3,0.6,0.54,0.01,1352,63,1313,87,306,4,4175,853,1014,417,79,21
"""13261""","""Sumter""","""Americus, GA""",26.00,30064.00,11510.00,309040.95,62,76,41,28,35,17,34,41,24,8.14,2.98,1.78,2,2,20359,19449,22339,0,0,0,13099,12506,15015,10123,9662,11751,2970,2837,3258,6,6,6,8,8,8,1.4,1.2,0.50,0.04,2590,63,2776,86,148,5,4627,882,942,704,62,38
"""13263""","""Talbot""","""Columbus, GA-AL""",6.00,6321.00,2809.00,250481.14,60,72,47,26,33,20,34,39,27,10.16,0.13,2.07,2,2,26052,25366,26931,0,0,0,16180,14952,16938,12374,11245,13003,3799,3700,3927,7,7,7,8,8,9,1.2,0.8,0.24,0.01,1908,63,1593,87,319,4,4307,1043,1175,485,83,17
"""13265""","""Taliaferro""","""""",3.00,1611.00,593.00,124548.59,69,84,44,29,37,17,40,47,27,10.24,0.05,1.97,2,2,25105,24169,26359,0,0,0,14850,14193,16698,11182,10661,12847,3662,3526,3844,6,6,6,8,7,8,1.7,0.7,0.15,0.00,1492,55,1486,87,270,4,4172,916,1073,546,82,18
"""13267""","""Tattnall""","""""",16.00,25382.00,8241.00,307726.59,59,72,42,26,33,17,33,39,25,7.95,0.72,1.83,2,2,20486,19726,22766,0,0,0,13402,12814,15450,10408,9931,12125,2988,2878,3320,5,5,6,7,7,7,2.4,0.7,0.30,0.03,1725,58,1537,87,125,9,3247,891,1070,518,73,27
"""13269""","""Taylor""","""""",7.00,8116.00,3473.00,241078.87,69,84,41,29,36,16,40,48,26,9.24,0.20,1.82,2,2,22340,21549,25161,0,0,0,13607,12999,16178,10342,9850,12502,3259,3144,3669,6,5,7,7,7,8,2.2,0.8,0.28,0.01,1775,54,1548,87,234,4,3969,816,879,617,77,23
"""13271""","""Telfair""","""""",10.00,16035.00,4668.00,279876.34,65,79,37,22,28,11,43,51,26,9.50,1.18,1.88,2,2,22896,21717,24957,0,0,0,14027,13333,16286,10681,10159,12641,3340,3168,3640,5,5,5,7,6,7,1.0,0.4,0.58,0.02,1550,63,1517,87,227,5,5080,598,537,547,78,22
"""13273""","""Terrell""","""Albany, GA""",10.00,8737.00,3399.00,214872.55,53,65,40,22,27,15,32,38,25,8.71,1.19,1.91,2,2,22848,21960,24127,0,0,0,14167,13572,15648,10829,10363,12125,3333,3204,3518,5,5,5,6,6,6,1.0,0.5,0.51,0.02,1568,73,1420,87,207,4,4085,810,837,645,63,37
"""13275""","""Thomas""","""Thomasville, GA""",36.00,44630.00,17595.00,348558.14,62,76,46,30,37,21,32,39,25,9.09,2.74,1.92,2,2,22197,21356,23682,0,0,0,14154,13602,15727,10910,10480,12267,3238,3115,3454,6,6,7,8,8,8,1.2,1.2,0.42,0.05,2950,68,4501,86,142,9,3676,1092,1186,757,67,33
"""13277""","""Tift""","""Tifton, GA""",31.00,40541.00,15144.00,166968.78,55,67,42,25,32,18,30,36,24,8.19,3.64,1.85,2,2,20202,19412,21326,0,0,0,13473,12971,14791,10519,10132,11673,2947,2832,3110,7,7,7,9,9,9,2.3,2.1,0.48,0.09,3573,61,4947,85,63,16,2794,959,1018,678,64,36
"""13279""","""Toombs""","""Vidalia, GA""",24.00,26972.00,10030.00,232965.32,59,71,40,25,31,16,34,41,24,7.81,1.78,1.87,2,2,21410,20460,22745,0,0,0,13736,13138,15330,10607,10147,12007,3123,2985,3317,6,6,6,7,7,7,1.7,1.0,0.29,0.04,2158,61,2865,86,129,8,4367,834,918,551,67,33
"""13281""","""Towns""","""""",8.00,11617.00,4898.00,106505.41,59,71,47,28,35,22,31,36,26,9.30,0.64,1.95,2,2,22250,21780,24247,0,0,0,14919,13799,16192,11667,10615,12648,3245,3177,3536,7,7,8,9,9,10,1.1,1.7,0.37,0.05,2440,79,2276,85,125,14,2520,1127,1246,687,87,13
"""13283""","""Treutlen""","""Dublin, GA""",7.00,6795.00,2490.00,127636.99,60,72,40,23,28,14,37,44,26,9.26,0.43,1.92,2,2,23603,22610,24969,0,0,0,14355,13697,16117,10907,10393,12470,3443,3298,3641,6,5,6,7,7,7,2.0,0.6,0.52,0.02,1411,59,1157,87,185,6,3649,742,831,564,74,26
"""13285""","""Troup""","""LaGrange, GA-AL""",41.00,69919.00,24928.00,264964.38,60,74,45,28,35,20,32,38,25,8.83,3.33,1.92,2,2,22015,21146,23027,0,0,0,14126,13589,15450,10906,10496,12084,3212,3085,3358,8,8,7,9,9,9,1.1,1.6,0.39,0.09,4024,73,5122,85,107,10,3982,1046,1140,842,63,37
"""13287""","""Turner""","""""",9.00,7943.00,3169.00,182665.49,63,77,41,26,32,15,38,45,26,8.03,0.51,1.89,2,2,21652,20716,24131,0,0,0,13890,13280,16106,10727,10253,12582,3159,3022,3519,5,5,5,6,6,6,1.2,0.3,0.37,0.02,1554,69,1322,88,114,6,3416,795,979,298,75,25
"""13289""","""Twiggs""","""Macon-Bibb County, GA""",8.00,8229.00,3044.00,229925.79,58,71,44,23,29,17,35,42,27,10.46,0.19,2.06,2,2,25361,24642,26427,0,0,0,15395,14775,16984,11688,11173,13123,3700,3595,3854,7,7,7,9,8,9,1.0,0.8,0.23,0.01,2006,67,2082,87,270,8,4077,868,1033,176,85,15
"""13291""","""Union""","""""",14.00,23288.00,9743.00,206167.62,56,67,46,25,31,20,31,35,26,9.58,0.75,2.01,2,2,23061,22529,24569,0,0,0,15367,14202,16366,11997,10908,12775,3363,3287,3583,8,7,8,9,9,10,0.8,1.4,0.16,0.05,2751,82,2549,86,143,14,3101,1035,1135,634,84,16
"""13293""","""Upson""","""Thomaston, GA""",21.00,26236.00,10154.00,207018.36,63,77,41,27,34,16,36,43,25,8.53,1.70,1.84,2,2,21256,20438,22920,0,0,0,13532,12955,15404,10423,9966,12054,3101,2982,3343,8,8,8,9,9,10,1.2,2.1,0.32,0.05,2926,73,2948,85,128,7,4150,845,874,622,73,27
"""13295""","""Walker""","""Chattanooga, TN-GA""",46.00,69039.00,25975.00,285689.28,49,59,42,21,26,18,28,33,25,8.96,3.05,1.97,2,2,21833,21266,22613,1,1,1,14955,13884,15480,11770,10781,12182,3184,3102,3298,1,1,1,1,1,1,1.2,2.6,0.25,0.09,5083,77,4834,84,83,12,3295,932,1014,606,76,24
"""13297""","""Walton""","""Atlanta-Sandy Springs-Alpharetta, GA""",38.00,91442.00,31670.00,209161.30,47,58,51,23,28,25,24,30,26,10.42,2.63,2.17,2,2,25022,24498,24523,1,1,1,16632,16190,16328,12970,12605,12740,3649,3573,3576,12,12,12,15,15,15,1.0,2.5,0.40,0.15,6260,83,6079,84,124,14,3081,1291,1349,960,76,24
"""13299""","""Ware""","""Waycross, GA""",33.00,35593.00,13823.00,575502.83,57,69,38,24,31,15,32,39,23,6.96,3.46,1.72,2,2,18550,17779,20160,0,0,0,12459,11905,14227,9745,9303,11279,2706,2594,2940,8,9,8,10,11,10,1.3,2.6,0.21,0.02,3358,64,3644,84,88,6,3947,785,903,543,69,31
"""13301""","""Warren""","""""",6.00,5297.00,2244.00,181988.78,64,78,42,28,35,16,37,44,25,8.80,0.59,1.84,2,2,21425,20588,23995,0,0,0,13582,12986,15841,10452,9977,12336,3126,3003,3499,5,5,6,6,6,7,2.1,0.4,0.23,0.01,1685,51,1621,87,153,4,3525,859,953,719,73,27
"""13303""","""Washington""","""""",16.00,20436.00,7503.00,434247.96,65,79,43,29,36,18,36,43,25,9.07,1.21,1.86,2,2,21809,20938,23826,0,0,0,13726,13119,15737,10538,10059,12256,3182,3054,3475,6,6,6,7,7,8,1.9,0.9,0.20,0.02,1945,60,2095,87,160,6,3831,920,1043,612,73,27
"""13305""","""Wayne""","""Jesup, GA""",23.00,29788.00,10400.00,410838.87,55,67,42,24,31,18,31,37,24,8.84,2.26,1.88,2,2,21919,21104,22731,0,0,0,13894,13322,15176,10689,10236,11854,3198,3079,3315,7,7,7,9,9,9,1.9,1.5,0.21,0.03,2018,62,1951,86,131,6,4174,927,1075,618,68,32
"""13307""","""Webster""","""""",2.00,2610.00,1140.00,133987.99,70,85,45,30,37,18,40,48,28,10.50,0.09,2.01,2,2,24904,24128,27652,0,0,0,15043,14429,17502,11405,10904,13464,3633,3520,4033,5,5,6,6,6,8,1.8,0.2,0.13,0.01,1518,52,1245,88,304,4,3931,919,1039,202,87,13
"""13309""","""Wheeler""","""""",6.00,7928.00,1862.00,189113.01,77,93,40,25,32,12,51,61,27,8.60,0.20,2.04,2,2,27201,25143,27761,0,0,0,15549,14712,17238,11574,11038,13184,3968,3668,4048,7,6,5,8,8,6,1.3,0.3,0.35,0.01,1289,61,1214,88,258,3,4663,640,747,406,73,27
"""13311""","""White""","""""",12.00,29489.00,11695.00,154075.50,57,68,48,26,33,22,30,35,26,10.08,1.27,2.06,2,2,24302,23697,25137,0,0,0,15899,14746,16478,12346,11280,12804,3544,3457,3666,8,8,9,10,10,11,1.2,1.4,0.23,0.08,3473,72,3370,86,146,14,3049,1150,1246,809,81,19
"""13313""","""Whitfield""","""Dalton, GA""",71.00,104237.00,35629.00,185879.96,54,65,42,23,29,18,31,36,24,9.05,4.86,1.96,2,2,21891,21071,22142,1,1,0,14937,13837,15248,11734,10753,12009,3192,3074,3229,11,11,10,13,13,12,2.3,2.4,0.61,0.19,5483,63,9057,84,68,19,2779,941,1040,691,69,31
"""13315""","""Wilcox""","""""",6.00,8824.00,2575.00,241798.51,67,81,43,26,33,15,41,49,27,10.74,0.13,2.00,2,2,25346,24402,27021,0,0,0,15042,14374,17093,11339,10809,13146,3697,3560,3941,6,5,6,7,7,7,1.0,0.4,0.39,0.01,1427,67,1163,87,302,4,4520,802,890,508,83,17
"""13317""","""Wilkes""","""""",11.00,9844.00,3979.00,300480.03,65,80,43,27,33,16,39,46,26,9.29,0.76,1.94,2,2,24505,23655,26576,0,0,0,14576,13978,16643,10995,10521,12762,3575,3451,3876,6,5,6,7,7,8,0.7,0.9,0.22,0.01,1765,74,1715,87,314,4,4862,843,974,588,74,26
"""13319""","""Wilkinson""","""""",9.00,9010.00,3185.00,287496.75,66,80,44,27,34,17,39,47,27,10.73,0.49,2.03,2,2,25849,24842,26805,0,0,0,15319,14649,16979,11542,11019,13063,3771,3624,3909,6,6,6,8,7,8,0.7,0.5,0.19,0.01,1710,66,1739,87,312,4,5198,871,973,521,82,18
"""13321""","""Worth""","""Albany, GA""",15.00,20494.00,8002.00,365255.21,57,70,43,25,31,18,33,39,26,8.85,0.59,1.97,2,2,24072,23208,25315,0,0,0,14720,14153,16183,11204,10763,12486,3512,3386,3692,5,5,5,7,6,7,1.6,0.6,0.30,0.02,1709,58,1322,87,205,8,3877,917,1065,587,70,30
